frozenset({'16'}),150
frozenset({'891'}),151
frozenset({'656'}),154
frozenset({'462'}),155
frozenset({'927'}),156
frozenset({'367'}),158
frozenset({'931'}),170
frozenset({'29'}),171
frozenset({'847'}),179
frozenset({'247'}),181
frozenset({'246'}),183
frozenset({'255'}),185
frozenset({'24'}),191
frozenset({'773'}),192
frozenset({'999'}),193
frozenset({'286'}),199
frozenset({'466'}),212
frozenset({'902'}),222
frozenset({'439'}),225
frozenset({'86'}),229
frozenset({'338'}),234
frozenset({'592'}),239
frozenset({'575'}),240
frozenset({'915'}),241
frozenset({'306'}),247
frozenset({'303'}),257
frozenset({'331'}),270
frozenset({'206'}),272
frozenset({'799'}),274
frozenset({'779'}),280
frozenset({'230'}),288
frozenset({'864'}),295
frozenset({'88'}),303
frozenset({'437'}),314
frozenset({'218'}),317
frozenset({'889'}),318
frozenset({'64'}),319
frozenset({'103'}),327
frozenset({'131'}),327
frozenset({'537'}),331
frozenset({'939'}),342
frozenset({'699'}),353
frozenset({'652'}),354
frozenset({'817'}),360
frozenset({'358'}),365
frozenset({'697'}),370
frozenset({'553'}),383
frozenset({'685'}),392
frozenset({'755'}),392
frozenset({'398'}),403
frozenset({'180'}),424
frozenset({'972'}),426
frozenset({'876'}),496
frozenset({'771'}),505
frozenset({'933'}),523
frozenset({'26'}),527
frozenset({'430'}),580
frozenset({'369'}),592
frozenset({'82'}),674
frozenset({'339'}),695
"frozenset({'609', '296'})",177
"frozenset({'89', '198'})",152
"frozenset({'27', '892'})",155
"frozenset({'217', '892'})",155
"frozenset({'655', '680'})",150
"frozenset({'828', '680'})",157
"frozenset({'680', '120'})",158
"frozenset({'317', '640'})",200
"frozenset({'997', '692'})",183
"frozenset({'881', '578'})",151
"frozenset({'881', '1'})",153
"frozenset({'881', '349'})",154
"frozenset({'881', '48'})",154
"frozenset({'881', '8'})",152
"frozenset({'165', '529'})",158
"frozenset({'807', '181'})",156
"frozenset({'807', '392'})",157
"frozenset({'525', '916'})",277
"frozenset({'185', '901'})",155
"frozenset({'901', '486'})",153
"frozenset({'239', '901'})",152
"frozenset({'901', '720'})",154
"frozenset({'300', '442'})",169
"frozenset({'166', '663'})",150
"frozenset({'289', '946'})",200
"frozenset({'672', '666'})",150
"frozenset({'918', '666'})",150
"frozenset({'354', '666'})",154
"frozenset({'536', '414'})",151
"frozenset({'536', '183'})",164
"frozenset({'460', '536'})",159
"frozenset({'809', '715'})",192
"frozenset({'695', '477'})",160
"frozenset({'865', '778'})",170
"frozenset({'443', '841'})",150
"frozenset({'443', '809'})",151
"frozenset({'443', '883'})",155
"frozenset({'384', '663'})",156
"frozenset({'270', '258'})",154
"frozenset({'270', '140'})",152
"frozenset({'813', '529'})",333
"frozenset({'524', '231'})",152
"frozenset({'524', '25'})",164
"frozenset({'453', '526'})",194
"frozenset({'231', '25'})",159
"frozenset({'531', '458'})",184
"frozenset({'455', '752'})",387
"frozenset({'983', '140'})",156
"frozenset({'529', '142'})",155
"frozenset({'141', '489'})",155
"frozenset({'141', '682'})",153
"frozenset({'141', '684'})",211
"frozenset({'602', '349'})",158
"frozenset({'744', '602'})",161
"frozenset({'602', '888'})",191
"frozenset({'722', '610'})",254
"frozenset({'655', '120'})",153
"frozenset({'885', '397'})",197
"frozenset({'920', '735'})",154
"frozenset({'920', '631'})",150
"frozenset({'920', '720'})",155
"frozenset({'920', '32'})",156
"frozenset({'98', '489'})",175
"frozenset({'194', '574'})",159
"frozenset({'194', '569'})",168
"frozenset({'213', '164'})",334
"frozenset({'738', '216'})",150
"frozenset({'3', '618'})",198
"frozenset({'145', '3'})",221
"frozenset({'315', '204'})",213
"frozenset({'315', '569'})",155
"frozenset({'315', '509'})",158
"frozenset({'53', '0'})",157
"frozenset({'53', '368'})",165
"frozenset({'940', '346'})",150
"frozenset({'921', '320'})",157
"frozenset({'517', '159'})",161
"frozenset({'159', '145'})",154
"frozenset({'828', '120'})",234
"frozenset({'46', '521'})",151
"frozenset({'844', '46'})",152
"frozenset({'703', '800'})",150
"frozenset({'851', '529'})",248
"frozenset({'493', '10'})",326
"frozenset({'368', '0'})",242
"frozenset({'512', '120'})",170
"frozenset({'125', '794'})",201
"frozenset({'794', '145'})",218
"frozenset({'833', '895'})",166
"frozenset({'419', '421'})",151
"frozenset({'766', '226'})",155
"frozenset({'328', '70'})",175
"frozenset({'492', '548'})",208
"frozenset({'139', '70'})",151
"frozenset({'139', '782'})",151
"frozenset({'139', '494'})",155
"frozenset({'2', '826'})",152
"frozenset({'2', '766'})",184
"frozenset({'72', '155'})",191
"frozenset({'419', '155'})",160
"frozenset({'760', '296'})",150
"frozenset({'886', '760'})",209
"frozenset({'307', '789'})",154
"frozenset({'295', '758'})",194
"frozenset({'711', '10'})",153
"frozenset({'711', '192'})",165
"frozenset({'711', '944'})",154
"frozenset({'711', '381'})",153
"frozenset({'711', '39'})",155
"frozenset({'217', '711'})",197
"frozenset({'354', '711'})",224
"frozenset({'711', '722'})",160
"frozenset({'713', '819'})",156
"frozenset({'126', '220'})",167
"frozenset({'411', '220'})",169
"frozenset({'117', '576'})",150
"frozenset({'117', '887'})",211
"frozenset({'117', '204'})",153
"frozenset({'569', '117'})",161
"frozenset({'117', '509'})",158
"frozenset({'467', '883'})",151
"frozenset({'766', '467'})",151
"frozenset({'672', '417'})",152
"frozenset({'935', '672'})",349
"frozenset({'672', '918'})",169
"frozenset({'354', '672'})",178
"frozenset({'164', '782'})",155
"frozenset({'494', '164'})",166
"frozenset({'860', '518'})",150
"frozenset({'513', '518'})",155
"frozenset({'308', '518'})",171
"frozenset({'198', '518'})",161
"frozenset({'919', '518'})",164
"frozenset({'938', '151'})",257
"frozenset({'533', '789'})",162
"frozenset({'694', '212'})",159
"frozenset({'212', '919'})",159
"frozenset({'212', '362'})",160
"frozenset({'212', '419'})",165
"frozenset({'676', '298'})",159
"frozenset({'32', '298'})",156
"frozenset({'460', '298'})",159
"frozenset({'690', '687'})",164
"frozenset({'690', '440'})",158
"frozenset({'633', '600'})",152
"frozenset({'633', '54'})",151
"frozenset({'541', '633'})",157
"frozenset({'633', '145'})",150
"frozenset({'217', '633'})",160
"frozenset({'215', '812'})",151
"frozenset({'978', '256'})",166
"frozenset({'256', '378'})",150
"frozenset({'487', '256'})",156
"frozenset({'510', '256'})",158
"frozenset({'523', '406'})",161
"frozenset({'853', '505'})",160
"frozenset({'762', '624'})",151
"frozenset({'390', '762'})",154
"frozenset({'762', '279'})",153
"frozenset({'145', '762'})",163
"frozenset({'732', '529'})",160
"frozenset({'39', '114'})",166
"frozenset({'114', '177'})",155
"frozenset({'419', '622'})",154
"frozenset({'354', '80'})",222
"frozenset({'801', '529'})",151
"frozenset({'763', '830'})",287
"frozenset({'830', '346'})",160
"frozenset({'95', '797'})",220
"frozenset({'829', '712'})",171
"frozenset({'742', '839'})",162
"frozenset({'580', '839'})",169
"frozenset({'839', '17'})",166
"frozenset({'203', '792'})",187
"frozenset({'204', '203'})",201
"frozenset({'203', '183'})",179
"frozenset({'529', '203'})",169
"frozenset({'858', '8'})",176
"frozenset({'268', '234'})",212
"frozenset({'96', '624'})",152
"frozenset({'390', '624'})",158
"frozenset({'624', '279'})",159
"frozenset({'775', '624'})",157
"frozenset({'145', '624'})",158
"frozenset({'193', '682'})",165
"frozenset({'742', '388'})",150
"frozenset({'758', '388'})",162
"frozenset({'401', '388'})",158
"frozenset({'789', '388'})",169
"frozenset({'855', '639'})",211
"frozenset({'274', '855'})",161
"frozenset({'937', '855'})",159
"frozenset({'568', '785'})",159
"frozenset({'785', '140'})",175
"frozenset({'785', '93'})",369
"frozenset({'966', '785'})",173
"frozenset({'998', '507'})",177
"frozenset({'507', '789'})",175
"frozenset({'507', '766'})",153
"frozenset({'580', '742'})",163
"frozenset({'742', '17'})",165
"frozenset({'742', '522'})",186
"frozenset({'742', '758'})",166
"frozenset({'401', '742'})",164
"frozenset({'742', '789'})",159
"frozenset({'742', '368'})",169
"frozenset({'838', '419'})",206
"frozenset({'568', '140'})",162
"frozenset({'568', '966'})",169
"frozenset({'829', '355'})",167
"frozenset({'125', '417'})",150
"frozenset({'31', '417'})",153
"frozenset({'381', '417'})",155
"frozenset({'918', '417'})",159
"frozenset({'895', '417'})",156
"frozenset({'354', '417'})",185
"frozenset({'168', '484'})",253
"frozenset({'484', '413'})",159
"frozenset({'354', '484'})",163
"frozenset({'96', '390'})",159
"frozenset({'96', '279'})",161
"frozenset({'510', '96'})",151
"frozenset({'96', '145'})",284
"frozenset({'277', '825'})",163
"frozenset({'692', '277'})",168
"frozenset({'283', '432'})",158
"frozenset({'963', '160'})",163
"frozenset({'43', '160'})",166
"frozenset({'795', '160'})",176
"frozenset({'145', '160'})",182
"frozenset({'874', '395'})",296
"frozenset({'390', '395'})",162
"frozenset({'854', '395'})",305
"frozenset({'895', '395'})",152
"frozenset({'922', '752'})",155
"frozenset({'922', '175'})",152
"frozenset({'922', '529'})",169
"frozenset({'7', '427'})",161
"frozenset({'7', '72'})",162
"frozenset({'7', '529'})",190
"frozenset({'897', '608'})",151
"frozenset({'676', '608'})",154
"frozenset({'32', '608'})",160
"frozenset({'460', '608'})",165
"frozenset({'912', '378'})",150
"frozenset({'912', '348'})",562
"frozenset({'912', '487'})",163
"frozenset({'912', '510'})",166
"frozenset({'325', '276'})",161
"frozenset({'526', '325'})",160
"frozenset({'470', '325'})",164
"frozenset({'32', '325'})",177
"frozenset({'490', '201'})",189
"frozenset({'540', '201'})",218
"frozenset({'823', '820'})",163
"frozenset({'975', '823'})",166
"frozenset({'823', '196'})",169
"frozenset({'928', '844'})",160
"frozenset({'928', '39'})",178
"frozenset({'258', '140'})",172
"frozenset({'429', '782'})",465
"frozenset({'490', '906'})",190
"frozenset({'706', '632'})",207
"frozenset({'632', '913'})",151
"frozenset({'632', '450'})",154
"frozenset({'632', '825'})",161
"frozenset({'692', '632'})",170
"frozenset({'336', '385'})",153
"frozenset({'336', '897'})",150
"frozenset({'336', '738'})",177
"frozenset({'336', '606'})",298
"frozenset({'126', '411'})",168
"frozenset({'126', '998'})",225
"frozenset({'921', '173'})",152
"frozenset({'173', '684'})",201
"frozenset({'468', '450'})",161
"frozenset({'468', '825'})",158
"frozenset({'468', '692'})",176
"frozenset({'790', '310'})",151
"frozenset({'790', '70'})",211
"frozenset({'790', '795'})",152
"frozenset({'790', '947'})",167
"frozenset({'171', '227'})",153
"frozenset({'674', '171'})",164
"frozenset({'541', '171'})",175
"frozenset({'992', '394'})",176
"frozenset({'992', '600'})",244
"frozenset({'981', '992'})",172
"frozenset({'54', '992'})",164
"frozenset({'598', '992'})",160
"frozenset({'541', '992'})",161
"frozenset({'720', '992'})",153
"frozenset({'523', '941'})",163
"frozenset({'688', '132'})",580
"frozenset({'978', '378'})",154
"frozenset({'978', '487'})",170
"frozenset({'978', '510'})",174
"frozenset({'981', '394'})",182
"frozenset({'788', '377'})",211
"frozenset({'487', '378'})",162
"frozenset({'510', '378'})",176
"frozenset({'918', '948'})",155
"frozenset({'720', '948'})",153
"frozenset({'104', '120'})",175
"frozenset({'390', '414'})",160
"frozenset({'460', '414'})",174
"frozenset({'663', '988'})",157
"frozenset({'283', '988'})",152
"frozenset({'527', '682'})",159
"frozenset({'600', '744'})",166
"frozenset({'54', '600'})",158
"frozenset({'885', '600'})",169
"frozenset({'487', '600'})",171
"frozenset({'541', '600'})",172
"frozenset({'600', '145'})",181
"frozenset({'354', '600'})",180
"frozenset({'94', '795'})",171
"frozenset({'207', '294'})",167
"frozenset({'663', '843'})",174
"frozenset({'998', '843'})",171
"frozenset({'843', '8'})",174
"frozenset({'510', '843'})",151
"frozenset({'919', '843'})",165
"frozenset({'843', '789'})",158
"frozenset({'843', '883'})",185
"frozenset({'829', '843'})",186
"frozenset({'984', '348'})",181
"frozenset({'348', '888'})",154
"frozenset({'580', '573'})",161
"frozenset({'573', '161'})",158
"frozenset({'674', '573'})",166
"frozenset({'573', '177'})",153
"frozenset({'883', '573'})",166
"frozenset({'368', '573'})",209
"frozenset({'975', '197'})",225
"frozenset({'197', '878'})",544
"frozenset({'392', '181'})",174
"frozenset({'181', '758'})",170
"frozenset({'181', '419'})",165
"frozenset({'591', '744'})",190
"frozenset({'591', '480'})",152
"frozenset({'591', '522'})",153
"frozenset({'591', '692'})",172
"frozenset({'591', '368'})",201
"frozenset({'571', '859'})",150
"frozenset({'956', '859'})",158
"frozenset({'844', '37'})",157
"frozenset({'854', '899'})",539
"frozenset({'899', '862'})",228
"frozenset({'529', '899'})",155
"frozenset({'422', '897'})",154
"frozenset({'422', '606'})",157
"frozenset({'422', '918'})",156
"frozenset({'422', '885'})",163
"frozenset({'422', '8'})",152
"frozenset({'487', '422'})",152
"frozenset({'422', '145'})",178
"frozenset({'354', '422'})",176
"frozenset({'860', '513'})",155
"frozenset({'239', '860'})",153
"frozenset({'860', '919'})",174
"frozenset({'854', '163'})",248
"frozenset({'112', '819'})",176
"frozenset({'819', '538'})",181
"frozenset({'829', '309'})",170
"frozenset({'530', '28'})",172
"frozenset({'684', '991'})",166
"frozenset({'125', '143'})",153
"frozenset({'125', '31'})",354
"frozenset({'125', '161'})",166
"frozenset({'125', '653'})",184
"frozenset({'125', '381'})",201
"frozenset({'125', '895'})",170
"frozenset({'919', '513'})",182
"frozenset({'513', '368'})",185
"frozenset({'578', '651'})",183
"frozenset({'964', '651'})",173
"frozenset({'129', '651'})",178
"frozenset({'578', '1'})",165
"frozenset({'578', '349'})",166
"frozenset({'578', '48'})",164
"frozenset({'578', '8'})",175
"frozenset({'775', '578'})",349
"frozenset({'649', '296'})",153
"frozenset({'829', '649'})",185
"frozenset({'540', '489'})",162
"frozenset({'540', '682'})",172
"frozenset({'540', '32'})",174
"frozenset({'424', '574'})",215
"frozenset({'569', '574'})",186
"frozenset({'574', '789'})",208
"frozenset({'574', '368'})",152
"frozenset({'914', '665'})",167
"frozenset({'183', '792'})",158
"frozenset({'804', '140'})",183
"frozenset({'580', '963'})",174
"frozenset({'963', '48'})",174
"frozenset({'795', '963'})",181
"frozenset({'145', '963'})",192
"frozenset({'722', '963'})",162
"frozenset({'678', '368'})",177
"frozenset({'58', '183'})",160
"frozenset({'58', '368'})",172
"frozenset({'204', '576'})",154
"frozenset({'569', '576'})",171
"frozenset({'509', '576'})",176
"frozenset({'576', '684'})",170
"frozenset({'874', '618'})",154
"frozenset({'766', '618'})",170
"frozenset({'720', '335'})",158
"frozenset({'529', '335'})",151
"frozenset({'964', '946'})",157
"frozenset({'227', '946'})",157
"frozenset({'841', '946'})",301
"frozenset({'674', '946'})",218
"frozenset({'541', '946'})",180
"frozenset({'946', '177'})",206
"frozenset({'192', '10'})",181
"frozenset({'686', '41'})",244
"frozenset({'41', '893'})",160
"frozenset({'41', '862'})",160
"frozenset({'54', '815'})",155
"frozenset({'593', '815'})",151
"frozenset({'265', '350'})",153
"frozenset({'265', '283'})",378
"frozenset({'319', '204'})",175
"frozenset({'319', '140'})",160
"frozenset({'97', '147'})",159
"frozenset({'147', '183'})",185
"frozenset({'583', '766'})",154
"frozenset({'70', '310'})",173
"frozenset({'947', '310'})",327
"frozenset({'529', '310'})",157
"frozenset({'4', '895'})",150
"frozenset({'308', '145'})",158
"frozenset({'529', '949'})",268
"frozenset({'296', '234'})",160
"frozenset({'829', '234'})",206
"frozenset({'31', '143'})",150
"frozenset({'381', '143'})",170
"frozenset({'143', '895'})",204
"frozenset({'496', '177'})",164
"frozenset({'496', '368'})",158
"frozenset({'956', '890'})",166
"frozenset({'424', '373'})",150
"frozenset({'424', '480'})",174
"frozenset({'424', '346'})",167
"frozenset({'424', '419'})",202
"frozenset({'424', '494'})",212
"frozenset({'354', '424'})",163
"frozenset({'944', '162'})",163
"frozenset({'381', '162'})",167
"frozenset({'162', '883'})",191
"frozenset({'217', '162'})",195
"frozenset({'28', '419'})",171
"frozenset({'33', '177'})",162
"frozenset({'33', '883'})",222
"frozenset({'932', '198'})",166
"frozenset({'97', '895'})",150
"frozenset({'97', '183'})",192
"frozenset({'844', '736'})",160
"frozenset({'736', '489'})",239
"frozenset({'975', '820'})",178
"frozenset({'196', '820'})",185
"frozenset({'820', '177'})",166
"frozenset({'829', '820'})",172
"frozenset({'846', '597'})",165
"frozenset({'795', '846'})",169
"frozenset({'937', '846'})",197
"frozenset({'883', '846'})",298
"frozenset({'766', '846'})",181
"frozenset({'208', '674'})",171
"frozenset({'486', '326'})",158
"frozenset({'921', '641'})",156
"frozenset({'686', '161'})",152
"frozenset({'686', '674'})",152
"frozenset({'686', '918'})",161
"frozenset({'686', '12'})",157
"frozenset({'686', '684'})",166
"frozenset({'675', '461'})",153
"frozenset({'217', '594'})",179
"frozenset({'529', '594'})",305
"frozenset({'35', '812'})",163
"frozenset({'227', '964'})",163
"frozenset({'674', '964'})",172
"frozenset({'71', '964'})",154
"frozenset({'541', '964'})",174
"frozenset({'964', '789'})",182
"frozenset({'692', '964'})",158
"frozenset({'766', '964'})",167
"frozenset({'259', '561'})",158
"frozenset({'259', '362'})",150
"frozenset({'630', '405'})",176
"frozenset({'630', '477'})",171
"frozenset({'630', '413'})",171
"frozenset({'630', '401'})",156
"frozenset({'630', '682'})",151
"frozenset({'405', '477'})",171
"frozenset({'405', '720'})",152
"frozenset({'405', '883'})",195
"frozenset({'405', '529'})",185
"frozenset({'185', '675'})",260
"frozenset({'185', '720'})",187
"frozenset({'829', '185'})",213
"frozenset({'763', '867'})",163
"frozenset({'354', '867'})",201
"frozenset({'829', '534'})",181
"frozenset({'168', '918'})",174
"frozenset({'39', '168'})",178
"frozenset({'981', '510'})",159
"frozenset({'981', '829'})",212
"frozenset({'516', '766'})",159
"frozenset({'70', '129'})",150
"frozenset({'129', '766'})",240
"frozenset({'129', '368'})",154
"frozenset({'486', '720'})",193
"frozenset({'470', '486'})",175
"frozenset({'85', '279'})",216
"frozenset({'85', '205'})",267
"frozenset({'521', '639'})",162
"frozenset({'274', '639'})",179
"frozenset({'509', '639'})",155
"frozenset({'720', '639'})",162
"frozenset({'529', '639'})",155
"frozenset({'984', '952'})",167
"frozenset({'952', '55'})",176
"frozenset({'952', '175'})",188
"frozenset({'274', '521'})",182
"frozenset({'844', '521'})",170
"frozenset({'857', '752'})",170
"frozenset({'857', '175'})",170
"frozenset({'857', '614'})",156
"frozenset({'857', '71'})",171
"frozenset({'857', '529'})",236
"frozenset({'593', '68'})",163
"frozenset({'529', '68'})",207
"frozenset({'51', '140'})",173
"frozenset({'510', '51'})",154
"frozenset({'51', '368'})",186
"frozenset({'769', '140'})",226
"frozenset({'769', '883'})",152
"frozenset({'998', '740'})",154
"frozenset({'740', '177'})",217
"frozenset({'740', '883'})",256
"frozenset({'12', '982'})",165
"frozenset({'982', '766'})",190
"frozenset({'829', '982'})",173
"frozenset({'884', '704'})",540
"frozenset({'605', '140'})",162
"frozenset({'605', '825'})",173
"frozenset({'605', '682'})",164
"frozenset({'31', '381'})",173
"frozenset({'31', '885'})",187
"frozenset({'31', '798'})",153
"frozenset({'31', '895'})",168
"frozenset({'31', '789'})",180
"frozenset({'31', '362'})",205
"frozenset({'580', '17'})",173
"frozenset({'580', '161'})",171
"frozenset({'580', '795'})",304
"frozenset({'580', '145'})",190
"frozenset({'580', '368'})",250
"frozenset({'887', '684'})",155
"frozenset({'814', '658'})",162
"frozenset({'814', '57'})",168
"frozenset({'814', '614'})",175
"frozenset({'897', '385'})",156
"frozenset({'738', '385'})",159
"frozenset({'606', '385'})",175
"frozenset({'275', '17'})",259
"frozenset({'763', '17'})",173
"frozenset({'944', '17'})",175
"frozenset({'571', '17'})",176
"frozenset({'381', '17'})",176
"frozenset({'217', '17'})",200
"frozenset({'735', '888'})",159
"frozenset({'32', '735'})",188
"frozenset({'766', '735'})",151
"frozenset({'112', '275'})",263
"frozenset({'571', '275'})",173
"frozenset({'275', '75'})",169
"frozenset({'275', '684'})",251
"frozenset({'826', '577'})",179
"frozenset({'57', '577'})",162
"frozenset({'684', '577'})",152
"frozenset({'39', '43'})",173
"frozenset({'43', '362'})",166
"frozenset({'937', '45'})",157
"frozenset({'45', '883'})",218
"frozenset({'541', '100'})",150
"frozenset({'722', '100'})",164
"frozenset({'829', '100'})",177
"frozenset({'401', '923'})",219
"frozenset({'984', '55'})",176
"frozenset({'984', '175'})",186
"frozenset({'984', '548'})",162
"frozenset({'687', '229'})",155
"frozenset({'687', '634'})",187
"frozenset({'687', '561'})",161
"frozenset({'687', '684'})",178
"frozenset({'687', '766'})",160
"frozenset({'687', '368'})",306
"frozenset({'975', '196'})",183
"frozenset({'975', '789'})",169
"frozenset({'844', '115'})",160
"frozenset({'72', '115'})",159
"frozenset({'798', '115'})",173
"frozenset({'919', '115'})",175
"frozenset({'541', '115'})",164
"frozenset({'115', '789'})",170
"frozenset({'766', '115'})",233
"frozenset({'368', '115'})",187
"frozenset({'472', '805'})",156
"frozenset({'805', '93'})",226
"frozenset({'844', '805'})",166
"frozenset({'829', '805'})",219
"frozenset({'290', '161'})",150
"frozenset({'290', '477'})",158
"frozenset({'290', '419'})",183
"frozenset({'217', '290'})",207
"frozenset({'290', '684'})",325
"frozenset({'110', '682'})",236
"frozenset({'674', '227'})",181
"frozenset({'227', '132'})",151
"frozenset({'227', '795'})",156
"frozenset({'541', '227'})",186
"frozenset({'227', '789'})",231
"frozenset({'722', '623'})",164
"frozenset({'427', '800'})",175
"frozenset({'427', '897'})",235
"frozenset({'72', '427'})",246
"frozenset({'427', '381'})",170
"frozenset({'427', '346'})",189
"frozenset({'427', '789'})",224
"frozenset({'529', '427'})",226
"frozenset({'145', '332'})",185
"frozenset({'217', '332'})",192
"frozenset({'684', '332'})",177
"frozenset({'766', '332'})",183
"frozenset({'956', '763'})",164
"frozenset({'90', '276'})",153
"frozenset({'90', '914'})",188
"frozenset({'614', '658'})",294
"frozenset({'658', '947'})",243
"frozenset({'720', '658'})",169
"frozenset({'449', '682'})",159
"frozenset({'120', '449'})",153
"frozenset({'510', '214'})",163
"frozenset({'71', '214'})",225
"frozenset({'214', '145'})",169
"frozenset({'214', '419'})",188
"frozenset({'214', '766'})",175
"frozenset({'800', '334'})",177
"frozenset({'998', '800'})",162
"frozenset({'346', '800'})",205
"frozenset({'789', '800'})",218
"frozenset({'217', '800'})",247
"frozenset({'368', '800'})",169
"frozenset({'775', '706'})",175
"frozenset({'706', '145'})",157
"frozenset({'706', '684'})",219
"frozenset({'706', '766'})",152
"frozenset({'746', '841'})",163
"frozenset({'841', '809'})",151
"frozenset({'841', '606'})",155
"frozenset({'72', '841'})",248
"frozenset({'885', '841'})",165
"frozenset({'841', '883'})",204
"frozenset({'841', '120'})",202
"frozenset({'841', '766'})",230
"frozenset({'841', '529'})",235
"frozenset({'897', '738'})",162
"frozenset({'606', '897'})",179
"frozenset({'676', '897'})",181
"frozenset({'897', '32'})",201
"frozenset({'460', '897'})",203
"frozenset({'897', '145'})",163
"frozenset({'897', '177'})",223
"frozenset({'829', '897'})",175
"frozenset({'529', '897'})",163
"frozenset({'450', '913'})",166
"frozenset({'825', '913'})",183
"frozenset({'692', '913'})",192
"frozenset({'419', '913'})",179
"frozenset({'766', '913'})",181
"frozenset({'440', '809'})",198
"frozenset({'39', '440'})",165
"frozenset({'893', '862'})",159
"frozenset({'57', '55'})",154
"frozenset({'175', '55'})",200
"frozenset({'55', '682'})",201
"frozenset({'722', '55'})",218
"frozenset({'746', '120'})",192
"frozenset({'217', '746'})",152
"frozenset({'746', '766'})",215
"frozenset({'676', '52'})",173
"frozenset({'598', '52'})",539
"frozenset({'35', '151'})",151
"frozenset({'35', '93'})",159
"frozenset({'35', '350'})",164
"frozenset({'35', '766'})",207
"frozenset({'35', '368'})",242
"frozenset({'918', '192'})",164
"frozenset({'192', '798'})",181
"frozenset({'720', '192'})",187
"frozenset({'722', '192'})",203
"frozenset({'373', '346'})",158
"frozenset({'71', '373'})",214
"frozenset({'494', '373'})",182
"frozenset({'684', '373'})",155
"frozenset({'210', '183'})",180
"frozenset({'120', '210'})",163
"frozenset({'883', '826'})",185
"frozenset({'766', '826'})",228
"frozenset({'349', '8'})",187
"frozenset({'487', '349'})",163
"frozenset({'541', '349'})",163
"frozenset({'145', '349'})",202
"frozenset({'692', '349'})",165
"frozenset({'874', '411'})",157
"frozenset({'411', '631'})",171
"frozenset({'411', '862'})",152
"frozenset({'217', '878'})",152
"frozenset({'832', '140'})",188
"frozenset({'832', '350'})",153
"frozenset({'606', '450'})",185
"frozenset({'944', '450'})",155
"frozenset({'450', '825'})",187
"frozenset({'450', '883'})",180
"frozenset({'692', '450'})",216
"frozenset({'918', '970'})",179
"frozenset({'387', '38'})",157
"frozenset({'387', '682'})",155
"frozenset({'217', '387'})",154
"frozenset({'196', '145'})",201
"frozenset({'217', '196'})",188
"frozenset({'354', '196'})",263
"frozenset({'722', '620'})",170
"frozenset({'663', '280'})",150
"frozenset({'280', '797'})",165
"frozenset({'280', '758'})",174
"frozenset({'280', '682'})",185
"frozenset({'280', '419'})",195
"frozenset({'354', '280'})",171
"frozenset({'529', '280'})",209
"frozenset({'472', '73'})",159
"frozenset({'472', '116'})",215
"frozenset({'844', '472'})",481
"frozenset({'775', '472'})",205
"frozenset({'606', '738'})",169
"frozenset({'39', '738'})",150
"frozenset({'145', '738'})",157
"frozenset({'217', '738'})",200
"frozenset({'766', '738'})",159
"frozenset({'529', '738'})",280
"frozenset({'638', '334'})",150
"frozenset({'998', '334'})",163
"frozenset({'419', '334'})",162
"frozenset({'684', '334'})",168
"frozenset({'766', '334'})",200
"frozenset({'6', '682'})",157
"frozenset({'529', '6'})",158
"frozenset({'809', '183'})",151
"frozenset({'809', '362'})",212
"frozenset({'809', '883'})",207
"frozenset({'766', '809'})",170
"frozenset({'529', '809'})",401
"frozenset({'571', '579'})",194
"frozenset({'419', '579'})",205
"frozenset({'217', '27'})",226
"frozenset({'204', '529'})",219
"frozenset({'844', '744'})",169
"frozenset({'744', '368'})",152
"frozenset({'844', '73'})",204
"frozenset({'73', '8'})",155
"frozenset({'73', '346'})",154
"frozenset({'73', '682'})",158
"frozenset({'829', '73'})",202
"frozenset({'775', '116'})",196
"frozenset({'296', '21'})",184
"frozenset({'296', '183'})",150
"frozenset({'296', '766'})",155
"frozenset({'803', '682'})",188
"frozenset({'874', '631'})",150
"frozenset({'523', '788'})",284
"frozenset({'523', '778'})",211
"frozenset({'523', '789'})",216
"frozenset({'634', '229'})",174
"frozenset({'283', '229'})",168
"frozenset({'883', '229'})",184
"frozenset({'120', '229'})",170
"frozenset({'766', '229'})",219
"frozenset({'674', '638'})",158
"frozenset({'279', '638'})",164
"frozenset({'780', '766'})",191
"frozenset({'829', '780'})",173
"frozenset({'780', '368'})",203
"frozenset({'480', '362'})",150
"frozenset({'419', '480'})",247
"frozenset({'829', '480'})",221
"frozenset({'161', '561'})",173
"frozenset({'145', '161'})",199
"frozenset({'368', '161'})",249
"frozenset({'242', '937'})",160
"frozenset({'242', '368'})",152
"frozenset({'663', '140'})",154
"frozenset({'694', '663'})",165
"frozenset({'663', '758'})",165
"frozenset({'663', '597'})",372
"frozenset({'663', '8'})",200
"frozenset({'12', '663'})",156
"frozenset({'663', '862'})",183
"frozenset({'401', '663'})",163
"frozenset({'919', '663'})",216
"frozenset({'775', '663'})",288
"frozenset({'283', '663'})",192
"frozenset({'663', '438'})",174
"frozenset({'663', '766'})",155
"frozenset({'529', '663'})",231
"frozenset({'663', '368'})",151
"frozenset({'720', '69'})",186
"frozenset({'69', '177'})",167
"frozenset({'368', '69'})",164
"frozenset({'788', '682'})",178
"frozenset({'788', '368'})",171
"frozenset({'38', '93'})",162
"frozenset({'694', '38'})",159
"frozenset({'598', '38'})",194
"frozenset({'914', '38'})",164
"frozenset({'829', '38'})",239
"frozenset({'70', '895'})",173
"frozenset({'70', '947'})",210
"frozenset({'70', '368'})",168
"frozenset({'392', '120'})",150
"frozenset({'392', '368'})",157
"frozenset({'921', '614'})",192
"frozenset({'829', '921'})",176
"frozenset({'921', '368'})",186
"frozenset({'944', '477'})",188
"frozenset({'477', '548'})",159
"frozenset({'487', '477'})",154
"frozenset({'477', '489'})",162
"frozenset({'71', '477'})",215
"frozenset({'919', '477'})",163
"frozenset({'460', '477'})",209
"frozenset({'477', '883'})",227
"frozenset({'477', '684'})",317
"frozenset({'477', '368'})",170
"frozenset({'795', '48'})",209
"frozenset({'145', '48'})",222
"frozenset({'217', '48'})",169
"frozenset({'782', '276'})",164
"frozenset({'526', '276'})",199
"frozenset({'825', '276'})",191
"frozenset({'276', '489'})",174
"frozenset({'914', '276'})",337
"frozenset({'470', '276'})",203
"frozenset({'32', '276'})",226
"frozenset({'368', '276'})",217
"frozenset({'381', '634'})",156
"frozenset({'634', '368'})",152
"frozenset({'606', '778'})",200
"frozenset({'614', '778'})",297
"frozenset({'778', '183'})",150
"frozenset({'145', '778'})",153
"frozenset({'529', '778'})",172
"frozenset({'778', '368'})",155
"frozenset({'674', '918'})",169
"frozenset({'12', '674'})",180
"frozenset({'541', '674'})",203
"frozenset({'217', '674'})",167
"frozenset({'674', '529'})",217
"frozenset({'752', '175'})",268
"frozenset({'71', '752'})",200
"frozenset({'692', '752'})",205
"frozenset({'722', '752'})",255
"frozenset({'529', '752'})",254
"frozenset({'752', '368'})",178
"frozenset({'54', '593'})",170
"frozenset({'71', '54'})",154
"frozenset({'541', '54'})",200
"frozenset({'354', '54'})",171
"frozenset({'529', '54'})",305
"frozenset({'944', '285'})",155
"frozenset({'285', '368'})",248
"frozenset({'676', '593'})",184
"frozenset({'694', '593'})",180
"frozenset({'205', '593'})",179
"frozenset({'593', '145'})",211
"frozenset({'722', '593'})",171
"frozenset({'529', '593'})",249
"frozenset({'593', '368'})",154
"frozenset({'151', '93'})",167
"frozenset({'12', '151'})",160
"frozenset({'460', '151'})",179
"frozenset({'692', '151'})",158
"frozenset({'354', '151'})",157
"frozenset({'766', '151'})",178
"frozenset({'529', '151'})",166
"frozenset({'617', '368'})",229
"frozenset({'236', '489'})",166
"frozenset({'914', '236'})",180
"frozenset({'236', '682'})",168
"frozenset({'236', '684'})",248
"frozenset({'236', '368'})",157
"frozenset({'274', '631'})",165
"frozenset({'274', '177'})",194
"frozenset({'274', '883'})",209
"frozenset({'274', '368'})",156
"frozenset({'653', '368'})",548
"frozenset({'413', '631'})",154
"frozenset({'413', '8'})",153
"frozenset({'401', '413'})",179
"frozenset({'413', '888'})",171
"frozenset({'795', '132'})",228
"frozenset({'895', '132'})",183
"frozenset({'919', '132'})",156
"frozenset({'775', '132'})",190
"frozenset({'217', '132'})",181
"frozenset({'354', '132'})",237
"frozenset({'529', '132'})",159
"frozenset({'368', '132'})",167
"frozenset({'956', '21'})",159
"frozenset({'21', '538'})",186
"frozenset({'529', '21'})",213
"frozenset({'21', '368'})",199
"frozenset({'844', '606'})",161
"frozenset({'606', '279'})",171
"frozenset({'606', '614'})",221
"frozenset({'606', '346'})",176
"frozenset({'606', '368'})",177
"frozenset({'112', '561'})",150
"frozenset({'112', '75'})",183
"frozenset({'112', '883'})",206
"frozenset({'112', '684'})",155
"frozenset({'797', '682'})",203
"frozenset({'145', '797'})",164
"frozenset({'797', '177'})",196
"frozenset({'854', '390'})",217
"frozenset({'72', '390'})",171
"frozenset({'390', '279'})",212
"frozenset({'390', '183'})",161
"frozenset({'460', '390'})",161
"frozenset({'390', '145'})",220
"frozenset({'217', '390'})",184
"frozenset({'390', '368'})",159
"frozenset({'75', '140'})",177
"frozenset({'947', '140'})",161
"frozenset({'720', '140'})",179
"frozenset({'966', '140'})",211
"frozenset({'460', '140'})",177
"frozenset({'438', '140'})",200
"frozenset({'140', '177'})",174
"frozenset({'692', '140'})",163
"frozenset({'217', '140'})",439
"frozenset({'766', '140'})",256
"frozenset({'368', '140'})",229
"frozenset({'998', '682'})",157
"frozenset({'998', '120'})",166
"frozenset({'998', '494'})",301
"frozenset({'676', '526'})",185
"frozenset({'694', '676'})",172
"frozenset({'914', '676'})",215
"frozenset({'676', '789'})",229
"frozenset({'676', '145'})",285
"frozenset({'676', '177'})",156
"frozenset({'676', '883'})",187
"frozenset({'829', '676'})",190
"frozenset({'93', '522'})",195
"frozenset({'597', '522'})",177
"frozenset({'381', '522'})",195
"frozenset({'682', '522'})",180
"frozenset({'39', '522'})",159
"frozenset({'460', '522'})",208
"frozenset({'692', '522'})",196
"frozenset({'829', '522'})",216
"frozenset({'368', '522'})",272
"frozenset({'529', '960'})",150
"frozenset({'960', '368'})",178
"frozenset({'239', '510'})",158
"frozenset({'239', '720'})",207
"frozenset({'239', '183'})",220
"frozenset({'239', '684'})",167
"frozenset({'239', '368'})",205
"frozenset({'614', '57'})",228
"frozenset({'529', '57'})",156
"frozenset({'914', '782'})",222
"frozenset({'145', '782'})",158
"frozenset({'782', '177'})",163
"frozenset({'937', '782'})",169
"frozenset({'494', '782'})",248
"frozenset({'368', '782'})",245
"frozenset({'597', '93'})",202
"frozenset({'381', '93'})",212
"frozenset({'598', '93'})",156
"frozenset({'460', '93'})",240
"frozenset({'829', '93'})",259
"frozenset({'529', '93'})",293
"frozenset({'368', '93'})",175
"frozenset({'205', '561'})",154
"frozenset({'682', '561'})",182
"frozenset({'177', '561'})",208
"frozenset({'529', '561'})",153
"frozenset({'368', '561'})",322
"frozenset({'175', '183'})",206
"frozenset({'829', '175'})",151
"frozenset({'529', '175'})",274
"frozenset({'175', '368'})",151
"frozenset({'470', '526'})",202
"frozenset({'526', '32'})",223
"frozenset({'526', '766'})",187
"frozenset({'529', '526'})",152
"frozenset({'526', '368'})",158
"frozenset({'487', '631'})",151
"frozenset({'32', '631'})",231
"frozenset({'120', '631'})",181
"frozenset({'766', '631'})",208
"frozenset({'529', '631'})",151
"frozenset({'368', '631'})",168
"frozenset({'944', '381'})",190
"frozenset({'944', '205'})",197
"frozenset({'460', '944'})",204
"frozenset({'944', '177'})",193
"frozenset({'217', '944'})",256
"frozenset({'944', '529'})",260
"frozenset({'944', '368'})",170
"frozenset({'694', '871'})",170
"frozenset({'692', '871'})",179
"frozenset({'419', '871'})",162
"frozenset({'354', '871'})",284
"frozenset({'766', '871'})",185
"frozenset({'829', '871'})",163
"frozenset({'871', '368'})",245
"frozenset({'844', '569'})",185
"frozenset({'844', '279'})",170
"frozenset({'844', '346'})",199
"frozenset({'844', '541'})",188
"frozenset({'844', '39'})",225
"frozenset({'844', '145'})",181
"frozenset({'844', '419'})",236
"frozenset({'844', '684'})",197
"frozenset({'844', '368'})",186
"frozenset({'937', '569'})",196
"frozenset({'569', '419'})",241
"frozenset({'569', '766'})",233
"frozenset({'569', '529'})",173
"frozenset({'569', '368'})",189
"frozenset({'885', '548'})",178
"frozenset({'548', '684'})",224
"frozenset({'766', '548'})",226
"frozenset({'694', '862'})",168
"frozenset({'694', '919'})",216
"frozenset({'694', '775'})",196
"frozenset({'694', '32'})",234
"frozenset({'694', '362'})",289
"frozenset({'694', '145'})",205
"frozenset({'694', '692'})",179
"frozenset({'694', '419'})",245
"frozenset({'694', '529'})",181
"frozenset({'694', '368'})",157
"frozenset({'854', '895'})",204
"frozenset({'829', '854'})",178
"frozenset({'854', '368'})",193
"frozenset({'885', '72'})",197
"frozenset({'72', '8'})",158
"frozenset({'460', '72'})",236
"frozenset({'72', '368'})",217
"frozenset({'766', '758'})",300
"frozenset({'829', '758'})",249
"frozenset({'529', '758'})",252
"frozenset({'758', '368'})",185
"frozenset({'205', '597'})",177
"frozenset({'401', '597'})",168
"frozenset({'460', '597'})",217
"frozenset({'937', '597'})",165
"frozenset({'883', '597'})",215
"frozenset({'829', '597'})",161
"frozenset({'529', '597'})",224
"frozenset({'368', '597'})",168
"frozenset({'471', '883'})",155
"frozenset({'471', '766'})",154
"frozenset({'471', '529'})",154
"frozenset({'956', '571'})",213
"frozenset({'571', '419'})",235
"frozenset({'571', '529'})",201
"frozenset({'571', '368'})",182
"frozenset({'581', '279'})",382
"frozenset({'581', '494'})",155
"frozenset({'581', '829'})",161
"frozenset({'581', '529'})",153
"frozenset({'581', '368'})",259
"frozenset({'381', '350'})",158
"frozenset({'381', '895'})",265
"frozenset({'381', '682'})",185
"frozenset({'381', '120'})",164
"frozenset({'217', '381'})",243
"frozenset({'381', '766'})",207
"frozenset({'829', '381'})",213
"frozenset({'381', '368'})",324
"frozenset({'487', '675'})",150
"frozenset({'675', '682'})",151
"frozenset({'829', '675'})",272
"frozenset({'675', '368'})",170
"frozenset({'918', '8'})",193
"frozenset({'918', '798'})",180
"frozenset({'510', '918'})",154
"frozenset({'795', '918'})",165
"frozenset({'12', '918'})",180
"frozenset({'956', '918'})",166
"frozenset({'775', '918'})",199
"frozenset({'720', '918'})",199
"frozenset({'419', '918'})",159
"frozenset({'354', '918'})",461
"frozenset({'829', '918'})",171
"frozenset({'918', '368'})",420
"frozenset({'346', '279'})",173
"frozenset({'956', '279'})",173
"frozenset({'438', '279'})",221
"frozenset({'145', '279'})",316
"frozenset({'368', '279'})",203
"frozenset({'487', '885'})",204
"frozenset({'510', '885'})",211
"frozenset({'885', '862'})",208
"frozenset({'460', '885'})",178
"frozenset({'885', '145'})",243
"frozenset({'885', '684'})",186
"frozenset({'829', '885'})",269
"frozenset({'885', '368'})",188
"frozenset({'541', '509'})",198
"frozenset({'509', '720'})",188
"frozenset({'509', '145'})",173
"frozenset({'509', '368'})",172
"frozenset({'886', '510'})",153
"frozenset({'886', '39'})",164
"frozenset({'886', '145'})",160
"frozenset({'886', '829'})",151
"frozenset({'886', '368'})",151
"frozenset({'956', '793'})",242
"frozenset({'829', '793'})",163
"frozenset({'793', '529'})",166
"frozenset({'793', '368'})",189
"frozenset({'350', '682'})",188
"frozenset({'766', '350'})",245
"frozenset({'829', '350'})",157
"frozenset({'368', '350'})",273
"frozenset({'825', '947'})",173
"frozenset({'775', '825'})",154
"frozenset({'914', '825'})",216
"frozenset({'825', '682'})",220
"frozenset({'825', '177'})",177
"frozenset({'937', '825'})",173
"frozenset({'692', '825'})",344
"frozenset({'217', '825'})",175
"frozenset({'354', '825'})",157
"frozenset({'722', '825'})",152
"frozenset({'829', '825'})",183
"frozenset({'529', '825'})",164
"frozenset({'825', '368'})",217
"frozenset({'346', '8'})",189
"frozenset({'919', '8'})",236
"frozenset({'883', '8'})",220
"frozenset({'120', '8'})",184
"frozenset({'529', '8'})",172
"frozenset({'368', '8'})",178
"frozenset({'895', '798'})",161
"frozenset({'798', '862'})",513
"frozenset({'720', '798'})",211
"frozenset({'120', '798'})",198
"frozenset({'722', '798'})",240
"frozenset({'829', '798'})",156
"frozenset({'529', '798'})",153
"frozenset({'368', '798'})",187
"frozenset({'614', '183'})",161
"frozenset({'614', '145'})",180
"frozenset({'937', '614'})",168
"frozenset({'614', '883'})",226
"frozenset({'217', '614'})",282
"frozenset({'614', '684'})",152
"frozenset({'614', '766'})",155
"frozenset({'829', '614'})",165
"frozenset({'529', '614'})",180
"frozenset({'614', '368'})",182
"frozenset({'541', '487'})",186
"frozenset({'487', '145'})",228
"frozenset({'354', '487'})",301
"frozenset({'487', '529'})",160
"frozenset({'487', '368'})",193
"frozenset({'937', '75'})",181
"frozenset({'75', '368'})",187
"frozenset({'598', '722'})",150
"frozenset({'598', '766'})",151
"frozenset({'829', '598'})",167
"frozenset({'598', '368'})",213
"frozenset({'510', '795'})",185
"frozenset({'510', '183'})",182
"frozenset({'510', '966'})",181
"frozenset({'510', '145'})",223
"frozenset({'510', '419'})",239
"frozenset({'829', '510'})",264
"frozenset({'510', '529'})",176
"frozenset({'510', '368'})",348
"frozenset({'795', '145'})",292
"frozenset({'829', '795'})",164
"frozenset({'529', '795'})",171
"frozenset({'541', '895'})",188
"frozenset({'895', '789'})",172
"frozenset({'217', '895'})",213
"frozenset({'722', '895'})",183
"frozenset({'766', '895'})",332
"frozenset({'829', '895'})",171
"frozenset({'895', '368'})",250
"frozenset({'12', '682'})",156
"frozenset({'470', '12'})",242
"frozenset({'12', '438'})",164
"frozenset({'12', '419'})",163
"frozenset({'354', '12'})",181
"frozenset({'12', '766'})",151
"frozenset({'829', '12'})",168
"frozenset({'12', '529'})",164
"frozenset({'12', '368'})",185
"frozenset({'71', '489'})",171
"frozenset({'947', '489'})",157
"frozenset({'682', '489'})",218
"frozenset({'789', '489'})",163
"frozenset({'684', '489'})",153
"frozenset({'766', '489'})",161
"frozenset({'829', '489'})",184
"frozenset({'529', '489'})",180
"frozenset({'368', '489'})",221
"frozenset({'346', '682'})",227
"frozenset({'346', '789'})",262
"frozenset({'494', '346'})",214
"frozenset({'829', '346'})",175
"frozenset({'529', '346'})",156
"frozenset({'368', '346'})",223
"frozenset({'71', '914'})",177
"frozenset({'829', '71'})",166
"frozenset({'71', '529'})",304
"frozenset({'71', '368'})",204
"frozenset({'919', '205'})",176
"frozenset({'470', '205'})",187
"frozenset({'205', '32'})",150
"frozenset({'205', '789'})",156
"frozenset({'205', '177'})",209
"frozenset({'494', '205'})",219
"frozenset({'217', '205'})",283
"frozenset({'205', '684'})",198
"frozenset({'722', '205'})",152
"frozenset({'956', '538'})",227
"frozenset({'217', '956'})",162
"frozenset({'956', '722'})",237
"frozenset({'956', '766'})",252
"frozenset({'956', '829'})",183
"frozenset({'956', '529'})",273
"frozenset({'956', '368'})",292
"frozenset({'775', '862'})",205
"frozenset({'720', '862'})",177
"frozenset({'789', '862'})",206
"frozenset({'354', '862'})",159
"frozenset({'722', '862'})",158
"frozenset({'766', '862'})",175
"frozenset({'829', '862'})",184
"frozenset({'529', '862'})",251
"frozenset({'368', '862'})",238
"frozenset({'401', '888'})",185
"frozenset({'401', '682'})",217
"frozenset({'401', '438'})",228
"frozenset({'401', '145'})",188
"frozenset({'217', '401'})",169
"frozenset({'354', '401'})",161
"frozenset({'401', '766'})",192
"frozenset({'829', '401'})",169
"frozenset({'401', '529'})",172
"frozenset({'401', '368'})",214
"frozenset({'888', '682'})",230
"frozenset({'145', '888'})",243
"frozenset({'419', '888'})",205
"frozenset({'766', '888'})",168
"frozenset({'829', '888'})",163
"frozenset({'529', '888'})",182
"frozenset({'368', '888'})",224
"frozenset({'720', '947'})",207
"frozenset({'947', '789'})",184
"frozenset({'684', '947'})",170
"frozenset({'766', '947'})",165
"frozenset({'829', '947'})",178
"frozenset({'919', '362'})",221
"frozenset({'919', '883'})",163
"frozenset({'919', '419'})",285
"frozenset({'494', '919'})",154
"frozenset({'217', '919'})",170
"frozenset({'354', '919'})",173
"frozenset({'722', '919'})",162
"frozenset({'919', '766'})",183
"frozenset({'829', '919'})",185
"frozenset({'529', '919'})",191
"frozenset({'919', '368'})",223
"frozenset({'541', '145'})",217
"frozenset({'354', '541'})",159
"frozenset({'541', '766'})",182
"frozenset({'541', '829'})",177
"frozenset({'541', '368'})",189
"frozenset({'775', '39'})",154
"frozenset({'775', '883'})",164
"frozenset({'217', '775'})",156
"frozenset({'775', '684'})",245
"frozenset({'354', '775'})",305
"frozenset({'775', '722'})",157
"frozenset({'775', '766'})",174
"frozenset({'829', '775'})",184
"frozenset({'775', '529'})",197
"frozenset({'775', '368'})",196
"frozenset({'914', '720'})",205
"frozenset({'720', '682'})",157
"frozenset({'720', '438'})",197
"frozenset({'720', '120'})",220
"frozenset({'217', '720'})",154
"frozenset({'722', '720'})",253
"frozenset({'720', '766'})",307
"frozenset({'829', '720'})",193
"frozenset({'460', '183'})",274
"frozenset({'145', '183'})",205
"frozenset({'937', '183'})",169
"frozenset({'419', '183'})",233
"frozenset({'217', '183'})",189
"frozenset({'684', '183'})",156
"frozenset({'829', '183'})",207
"frozenset({'529', '183'})",165
"frozenset({'368', '183'})",239
"frozenset({'283', '966'})",161
"frozenset({'419', '966'})",154
"frozenset({'494', '966'})",161
"frozenset({'217', '966'})",163
"frozenset({'766', '966'})",224
"frozenset({'829', '966'})",191
"frozenset({'529', '966'})",198
"frozenset({'692', '538'})",165
"frozenset({'354', '538'})",163
"frozenset({'722', '538'})",152
"frozenset({'766', '538'})",154
"frozenset({'829', '538'})",188
"frozenset({'529', '538'})",303
"frozenset({'914', '32'})",262
"frozenset({'914', '789'})",270
"frozenset({'914', '438'})",151
"frozenset({'914', '145'})",223
"frozenset({'914', '177'})",268
"frozenset({'914', '120'})",207
"frozenset({'914', '419'})",283
"frozenset({'217', '914'})",272
"frozenset({'914', '684'})",165
"frozenset({'354', '914'})",169
"frozenset({'914', '722'})",173
"frozenset({'914', '766'})",369
"frozenset({'829', '914'})",206
"frozenset({'914', '529'})",202
"frozenset({'914', '368'})",312
"frozenset({'283', '470'})",154
"frozenset({'283', '438'})",165
"frozenset({'283', '937'})",151
"frozenset({'283', '883'})",167
"frozenset({'283', '692'})",203
"frozenset({'283', '722'})",165
"frozenset({'283', '766'})",263
"frozenset({'283', '829'})",220
"frozenset({'283', '529'})",180
"frozenset({'283', '368'})",226
"frozenset({'460', '682'})",186
"frozenset({'438', '682'})",183
"frozenset({'419', '682'})",255
"frozenset({'354', '682'})",156
"frozenset({'722', '682'})",341
"frozenset({'766', '682'})",164
"frozenset({'829', '682'})",309
"frozenset({'529', '682'})",203
"frozenset({'470', '32'})",243
"frozenset({'470', '419'})",158
"frozenset({'470', '684'})",164
"frozenset({'470', '722'})",152
"frozenset({'470', '766'})",167
"frozenset({'829', '470'})",197
"frozenset({'470', '529'})",221
"frozenset({'32', '145'})",246
"frozenset({'32', '883'})",192
"frozenset({'692', '32'})",163
"frozenset({'32', '419'})",154
"frozenset({'217', '32'})",254
"frozenset({'32', '684'})",164
"frozenset({'354', '32'})",222
"frozenset({'722', '32'})",191
"frozenset({'32', '766'})",174
"frozenset({'829', '32'})",216
"frozenset({'529', '32'})",224
"frozenset({'32', '368'})",248
"frozenset({'39', '789'})",165
"frozenset({'39', '438'})",215
"frozenset({'39', '937'})",215
"frozenset({'39', '120'})",165
"frozenset({'39', '692'})",155
"frozenset({'217', '39'})",172
"frozenset({'39', '684'})",152
"frozenset({'354', '39'})",310
"frozenset({'39', '766'})",179
"frozenset({'829', '39'})",237
"frozenset({'39', '529'})",232
"frozenset({'145', '789'})",152
"frozenset({'789', '177'})",150
"frozenset({'120', '789'})",154
"frozenset({'419', '789'})",177
"frozenset({'217', '789'})",186
"frozenset({'684', '789'})",246
"frozenset({'354', '789'})",182
"frozenset({'722', '789'})",180
"frozenset({'766', '789'})",224
"frozenset({'529', '789'})",229
"frozenset({'368', '789'})",264
"frozenset({'145', '362'})",172
"frozenset({'883', '362'})",168
"frozenset({'692', '362'})",159
"frozenset({'419', '362'})",297
"frozenset({'217', '362'})",159
"frozenset({'354', '362'})",178
"frozenset({'766', '362'})",210
"frozenset({'829', '362'})",216
"frozenset({'529', '362'})",218
"frozenset({'368', '362'})",240
"frozenset({'460', '438'})",232
"frozenset({'460', '937'})",156
"frozenset({'460', '883'})",154
"frozenset({'460', '692'})",154
"frozenset({'460', '494'})",155
"frozenset({'217', '460'})",172
"frozenset({'354', '460'})",244
"frozenset({'460', '722'})",193
"frozenset({'460', '766'})",201
"frozenset({'460', '829'})",211
"frozenset({'145', '438'})",153
"frozenset({'937', '438'})",159
"frozenset({'883', '438'})",154
"frozenset({'692', '438'})",177
"frozenset({'419', '438'})",153
"frozenset({'494', '438'})",162
"frozenset({'217', '438'})",186
"frozenset({'354', '438'})",204
"frozenset({'722', '438'})",186
"frozenset({'829', '438'})",205
"frozenset({'529', '438'})",327
"frozenset({'145', '120'})",154
"frozenset({'692', '145'})",159
"frozenset({'217', '145'})",316
"frozenset({'145', '684'})",154
"frozenset({'354', '145'})",311
"frozenset({'722', '145'})",164
"frozenset({'766', '145'})",192
"frozenset({'829', '145'})",246
"frozenset({'529', '145'})",217
"frozenset({'937', '177'})",168
"frozenset({'883', '177'})",272
"frozenset({'120', '177'})",212
"frozenset({'419', '177'})",156
"frozenset({'494', '177'})",177
"frozenset({'217', '177'})",288
"frozenset({'684', '177'})",160
"frozenset({'354', '177'})",201
"frozenset({'722', '177'})",174
"frozenset({'766', '177'})",204
"frozenset({'829', '177'})",355
"frozenset({'529', '177'})",245
"frozenset({'368', '177'})",275
"frozenset({'937', '883'})",153
"frozenset({'937', '419'})",160
"frozenset({'217', '937'})",236
"frozenset({'937', '684'})",186
"frozenset({'354', '937'})",194
"frozenset({'937', '722'})",181
"frozenset({'937', '766'})",217
"frozenset({'829', '937'})",233
"frozenset({'883', '120'})",239
"frozenset({'692', '883'})",172
"frozenset({'419', '883'})",178
"frozenset({'217', '883'})",262
"frozenset({'684', '883'})",234
"frozenset({'354', '883'})",202
"frozenset({'722', '883'})",194
"frozenset({'766', '883'})",348
"frozenset({'829', '883'})",250
"frozenset({'529', '883'})",449
"frozenset({'883', '368'})",290
"frozenset({'692', '120'})",152
"frozenset({'419', '120'})",177
"frozenset({'494', '120'})",180
"frozenset({'217', '120'})",193
"frozenset({'684', '120'})",167
"frozenset({'722', '120'})",185
"frozenset({'766', '120'})",457
"frozenset({'529', '120'})",237
"frozenset({'120', '368'})",326
"frozenset({'692', '419'})",196
"frozenset({'692', '494'})",162
"frozenset({'217', '692'})",184
"frozenset({'692', '684'})",166
"frozenset({'354', '692'})",193
"frozenset({'692', '722'})",210
"frozenset({'692', '529'})",271
"frozenset({'494', '419'})",176
"frozenset({'217', '419'})",344
"frozenset({'419', '684'})",155
"frozenset({'354', '419'})",263
"frozenset({'766', '419'})",238
"frozenset({'829', '419'})",259
"frozenset({'529', '419'})",252
"frozenset({'419', '368'})",355
"frozenset({'217', '494'})",183
"frozenset({'494', '684'})",208
"frozenset({'354', '494'})",189
"frozenset({'722', '494'})",226
"frozenset({'494', '766'})",227
"frozenset({'829', '494'})",267
"frozenset({'494', '529'})",225
"frozenset({'217', '684'})",198
"frozenset({'354', '217'})",280
"frozenset({'217', '766'})",276
"frozenset({'217', '829'})",275
"frozenset({'217', '529'})",403
"frozenset({'217', '368'})",303
"frozenset({'354', '684'})",219
"frozenset({'829', '684'})",349
"frozenset({'529', '684'})",334
"frozenset({'684', '368'})",387
"frozenset({'354', '766'})",329
"frozenset({'354', '829'})",259
"frozenset({'354', '529'})",301
"frozenset({'354', '368'})",319
"frozenset({'722', '766'})",328
"frozenset({'829', '722'})",294
"frozenset({'722', '529'})",283
"frozenset({'722', '368'})",392
"frozenset({'829', '766'})",321
"frozenset({'529', '766'})",317
"frozenset({'766', '368'})",504
"frozenset({'170', '324', '750'})",155
"frozenset({'214', '324', '750'})",154
"frozenset({'346', '324', '750'})",150
"frozenset({'170', '214', '324'})",157
"frozenset({'170', '324', '346'})",153
"frozenset({'214', '324', '346'})",153
"frozenset({'83', '427', '167'})",150
"frozenset({'83', '766', '167'})",154
"frozenset({'83', '427', '949'})",153
"frozenset({'83', '766', '949'})",154
"frozenset({'83', '427', '675'})",151
"frozenset({'83', '766', '675'})",152
"frozenset({'89', '932', '518'})",150
"frozenset({'720', '792', '589'})",188
"frozenset({'558', '670', '774'})",214
"frozenset({'978', '757', '970'})",195
"frozenset({'138', '307', '486'})",213
"frozenset({'443', '601', '529'})",153
"frozenset({'31', '472', '59'})",152
"frozenset({'354', '31', '59'})",159
"frozenset({'354', '472', '59'})",151
"frozenset({'829', '210', '696'})",150
"frozenset({'829', '696', '789'})",153
"frozenset({'265', '895', '186'})",215
"frozenset({'474', '261', '970'})",209
"frozenset({'722', '225', '948'})",177
"frozenset({'829', '539', '812'})",186
"frozenset({'738', '379', '438'})",209
"frozenset({'677', '744', '868'})",356
"frozenset({'832', '270', '983'})",150
"frozenset({'832', '270', '804'})",150
"frozenset({'932', '342', '733'})",318
"frozenset({'170', '214', '750'})",157
"frozenset({'170', '346', '750'})",153
"frozenset({'346', '214', '750'})",151
"frozenset({'983', '258', '804'})",150
"frozenset({'832', '258', '983'})",150
"frozenset({'832', '983', '804'})",156
"frozenset({'12', '15', '795'})",153
"frozenset({'777', '401', '381'})",155
"frozenset({'777', '381', '460'})",150
"frozenset({'777', '381', '419'})",155
"frozenset({'777', '401', '419'})",154
"frozenset({'777', '419', '460'})",150
"frozenset({'655', '529', '815'})",150
"frozenset({'530', '98', '387'})",156
"frozenset({'530', '98', '73'})",156
"frozenset({'530', '98', '368'})",155
"frozenset({'98', '73', '387'})",152
"frozenset({'98', '387', '368'})",152
"frozenset({'98', '73', '368'})",152
"frozenset({'474', '403', '144'})",172
"frozenset({'934', '745', '648'})",153
"frozenset({'934', '579', '648'})",155
"frozenset({'648', '934', '177'})",151
"frozenset({'973', '686', '145'})",331
"frozenset({'280', '128', '176'})",151
"frozenset({'128', '116', '176'})",150
"frozenset({'128', '116', '763'})",152
"frozenset({'280', '128', '116'})",151
"frozenset({'692', '128', '116'})",156
"frozenset({'953', '438', '638'})",231
"frozenset({'945', '500', '388'})",329
"frozenset({'620', '798', '320'})",169
"frozenset({'95', '159', '966'})",150
"frozenset({'95', '722', '159'})",153
"frozenset({'722', '159', '966'})",154
"frozenset({'126', '740', '645'})",150
"frozenset({'280', '116', '176'})",150
"frozenset({'692', '116', '176'})",157
"frozenset({'448', '641', '557'})",284
"frozenset({'52', '730', '25'})",373
"frozenset({'408', '970', '546'})",150
"frozenset({'408', '918', '546'})",151
"frozenset({'653', '529', '512'})",325
"frozenset({'167', '427', '949'})",153
"frozenset({'167', '766', '949'})",164
"frozenset({'167', '427', '675'})",150
"frozenset({'167', '766', '675'})",153
"frozenset({'833', '744', '489'})",209
"frozenset({'407', '718', '486'})",157
"frozenset({'572', '407', '718'})",154
"frozenset({'914', '407', '718'})",152
"frozenset({'572', '486', '407'})",154
"frozenset({'914', '486', '407'})",153
"frozenset({'914', '572', '407'})",151
"frozenset({'745', '579', '648'})",156
"frozenset({'648', '745', '177'})",152
"frozenset({'648', '579', '177'})",156
"frozenset({'268', '919', '178'})",223
"frozenset({'347', '534', '178'})",217
"frozenset({'913', '181', '421'})",173
"frozenset({'538', '172', '464'})",182
"frozenset({'778', '966', '172'})",178
"frozenset({'676', '6', '475'})",268
"frozenset({'526', '492', '118'})",156
"frozenset({'460', '383', '858'})",411
"frozenset({'720', '805', '926'})",166
"frozenset({'713', '112', '538'})",155
"frozenset({'672', '280', '518'})",160
"frozenset({'571', '672', '518'})",191
"frozenset({'571', '280', '672'})",158
"frozenset({'630', '164', '825'})",252
"frozenset({'571', '280', '518'})",163
"frozenset({'914', '740', '544'})",193
"frozenset({'544', '803', '480'})",170
"frozenset({'690', '617', '335'})",150
"frozenset({'789', '941', '406'})",170
"frozenset({'198', '429', '505'})",153
"frozenset({'429', '505', '883'})",151
"frozenset({'910', '505', '198'})",150
"frozenset({'198', '505', '883'})",150
"frozenset({'571', '401', '345'})",426
"frozenset({'110', '456', '140'})",154
"frozenset({'692', '689', '129'})",334
"frozenset({'51', '723', '663'})",153
"frozenset({'998', '51', '723'})",153
"frozenset({'51', '723', '631'})",154
"frozenset({'998', '663', '723'})",154
"frozenset({'663', '723', '631'})",153
"frozenset({'998', '723', '631'})",151
"frozenset({'95', '517', '966'})",152
"frozenset({'95', '722', '966'})",168
"frozenset({'831', '766', '183'})",464
"frozenset({'879', '44', '825'})",366
"frozenset({'980', '450', '69'})",157
"frozenset({'736', '352', '5'})",153
"frozenset({'814', '196', '224'})",158
"frozenset({'814', '674', '224'})",154
"frozenset({'814', '224', '966'})",158
"frozenset({'507', '6', '450'})",312
"frozenset({'878', '162', '160'})",152
"frozenset({'593', '162', '160'})",262
"frozenset({'571', '162', '160'})",154
"frozenset({'995', '887', '160'})",152
"frozenset({'995', '653', '160'})",160
"frozenset({'995', '722', '160'})",150
"frozenset({'580', '48', '160'})",150
"frozenset({'722', '887', '160'})",153
"frozenset({'593', '878', '160'})",150
"frozenset({'571', '593', '160'})",153
"frozenset({'722', '653', '160'})",163
"frozenset({'428', '826', '279'})",318
"frozenset({'266', '988', '151'})",229
"frozenset({'266', '214', '120'})",222
"frozenset({'509', '201', '147'})",156
"frozenset({'832', '258', '804'})",152
"frozenset({'112', '429', '94'})",221
"frozenset({'910', '429', '198'})",153
"frozenset({'198', '853', '429'})",159
"frozenset({'198', '429', '883'})",158
"frozenset({'910', '853', '429'})",156
"frozenset({'910', '429', '883'})",154
"frozenset({'853', '883', '429'})",162
"frozenset({'605', '710', '275'})",156
"frozenset({'605', '710', '32'})",156
"frozenset({'710', '32', '275'})",157
"frozenset({'567', '563', '362'})",160
"frozenset({'567', '563', '438'})",158
"frozenset({'563', '438', '362'})",167
"frozenset({'981', '490', '177'})",205
"frozenset({'632', '392', '489'})",420
"frozenset({'468', '960', '276'})",364
"frozenset({'567', '438', '362'})",156
"frozenset({'104', '628', '649'})",175
"frozenset({'381', '361', '57'})",202
"frozenset({'694', '322', '897'})",363
"frozenset({'4', '373', '716'})",531
"frozenset({'517', '722', '966'})",159
"frozenset({'170', '214', '346'})",155
"frozenset({'572', '486', '718'})",159
"frozenset({'914', '486', '718'})",155
"frozenset({'572', '914', '718'})",152
"frozenset({'605', '921', '37'})",160
"frozenset({'422', '895', '449'})",261
"frozenset({'487', '860', '577'})",152
"frozenset({'487', '860', '826'})",153
"frozenset({'860', '803', '69'})",159
"frozenset({'921', '860', '803'})",169
"frozenset({'921', '860', '69'})",154
"frozenset({'530', '198', '673'})",283
"frozenset({'701', '805', '639'})",157
"frozenset({'701', '639', '538'})",163
"frozenset({'701', '805', '538'})",159
"frozenset({'701', '722', '419'})",170
"frozenset({'581', '651', '631'})",152
"frozenset({'651', '966', '631'})",155
"frozenset({'581', '966', '651'})",161
"frozenset({'540', '448', '887'})",154
"frozenset({'448', '540', '674'})",151
"frozenset({'239', '540', '448'})",153
"frozenset({'448', '540', '914'})",152
"frozenset({'239', '540', '887'})",150
"frozenset({'239', '540', '914'})",152
"frozenset({'239', '919', '804'})",338
"frozenset({'914', '618', '55'})",162
"frozenset({'541', '793', '41'})",228
"frozenset({'448', '674', '887'})",155
"frozenset({'239', '448', '887'})",161
"frozenset({'448', '914', '887'})",165
"frozenset({'448', '887', '32'})",155
"frozenset({'239', '448', '674'})",150
"frozenset({'239', '448', '914'})",155
"frozenset({'424', '205', '308'})",185
"frozenset({'675', '427', '949'})",152
"frozenset({'675', '766', '949'})",154
"frozenset({'854', '496', '529'})",196
"frozenset({'569', '611', '509'})",182
"frozenset({'354', '168', '154'})",150
"frozenset({'154', '722', '168'})",150
"frozenset({'43', '162', '878'})",155
"frozenset({'162', '593', '43'})",157
"frozenset({'571', '162', '43'})",150
"frozenset({'593', '162', '878'})",159
"frozenset({'571', '162', '878'})",150
"frozenset({'571', '593', '162'})",158
"frozenset({'28', '349', '132'})",153
"frozenset({'661', '28', '349'})",157
"frozenset({'661', '28', '132'})",154
"frozenset({'910', '853', '198'})",154
"frozenset({'883', '910', '198'})",152
"frozenset({'198', '853', '883'})",157
"frozenset({'97', '789', '93'})",384
"frozenset({'529', '736', '35'})",173
"frozenset({'130', '820', '274'})",214
"frozenset({'820', '54', '888'})",211
"frozenset({'52', '469', '48'})",168
"frozenset({'283', '919', '469'})",152
"frozenset({'581', '964', '631'})",151
"frozenset({'964', '966', '631'})",152
"frozenset({'581', '964', '966'})",155
"frozenset({'995', '887', '653'})",161
"frozenset({'995', '722', '887'})",151
"frozenset({'995', '722', '653'})",167
"frozenset({'405', '871', '800'})",166
"frozenset({'405', '614', '48'})",151
"frozenset({'239', '185', '486'})",154
"frozenset({'185', '486', '75'})",154
"frozenset({'829', '867', '8'})",235
"frozenset({'349', '48', '1'})",151
"frozenset({'1', '48', '8'})",152
"frozenset({'516', '32', '744'})",363
"frozenset({'914', '572', '486'})",152
"frozenset({'639', '805', '538'})",164
"frozenset({'914', '112', '521'})",334
"frozenset({'494', '387', '51'})",235
"frozenset({'998', '663', '51'})",154
"frozenset({'663', '51', '631'})",154
"frozenset({'998', '51', '631'})",154
"frozenset({'605', '32', '275'})",165
"frozenset({'605', '27', '115'})",259
"frozenset({'354', '31', '472'})",167
"frozenset({'722', '887', '653'})",163
"frozenset({'239', '914', '887'})",154
"frozenset({'814', '674', '196'})",160
"frozenset({'814', '196', '966'})",162
"frozenset({'814', '674', '966'})",159
"frozenset({'780', '735', '631'})",492
"frozenset({'780', '735', '720'})",153
"frozenset({'720', '735', '631'})",156
"frozenset({'910', '853', '883'})",159
"frozenset({'440', '472', '43'})",191
"frozenset({'593', '43', '878'})",153
"frozenset({'39', '825', '704'})",1035
"frozenset({'70', '120', '623'})",234
"frozenset({'675', '427', '766'})",150
"frozenset({'354', '694', '332'})",166
"frozenset({'692', '763', '116'})",157
"frozenset({'832', '766', '440'})",164
"frozenset({'956', '746', '788'})",357
"frozenset({'744', '888', '349'})",150
"frozenset({'661', '349', '132'})",151
"frozenset({'774', '883', '682'})",251
"frozenset({'937', '57', '450'})",268
"frozenset({'937', '919', '450'})",216
"frozenset({'39', '350', '970'})",364
"frozenset({'692', '280', '116'})",156
"frozenset({'390', '280', '874'})",152
"frozenset({'280', '874', '966'})",150
"frozenset({'390', '280', '966'})",151
"frozenset({'581', '966', '579'})",387
"frozenset({'204', '797', '183'})",285
"frozenset({'569', '204', '509'})",150
"frozenset({'460', '675', '296'})",241
"frozenset({'598', '296', '825'})",157
"frozenset({'296', '825', '362'})",159
"frozenset({'598', '296', '362'})",155
"frozenset({'829', '296', '368'})",501
"frozenset({'921', '803', '69'})",159
"frozenset({'780', '778', '438'})",324
"frozenset({'661', '780', '720'})",390
"frozenset({'720', '780', '631'})",161
"frozenset({'780', '32', '720'})",151
"frozenset({'242', '661', '634'})",151
"frozenset({'242', '634', '489'})",161
"frozenset({'242', '634', '538'})",160
"frozenset({'242', '661', '489'})",160
"frozenset({'242', '661', '538'})",153
"frozenset({'242', '471', '758'})",607
"frozenset({'242', '538', '489'})",157
"frozenset({'998', '663', '631'})",155
"frozenset({'471', '663', '871'})",568
"frozenset({'285', '871', '69'})",465
"frozenset({'661', '634', '489'})",152
"frozenset({'661', '634', '538'})",155
"frozenset({'538', '634', '489'})",157
"frozenset({'914', '674', '239'})",150
"frozenset({'239', '674', '32'})",151
"frozenset({'581', '752', '419'})",411
"frozenset({'285', '32', '947'})",609
"frozenset({'661', '538', '489'})",155
"frozenset({'460', '676', '32'})",152
"frozenset({'598', '529', '782'})",737
"frozenset({'614', '438', '93'})",182
"frozenset({'581', '966', '631'})",178
"frozenset({'844', '694', '548'})",179
"frozenset({'401', '758', '789'})",150
"frozenset({'460', '401', '381'})",157
"frozenset({'401', '381', '419'})",152
"frozenset({'460', '381', '419'})",153
"frozenset({'598', '825', '362'})",152
"frozenset({'460', '401', '419'})",163
"frozenset({'470', '39', '368'})",332
"frozenset({'661', '960', '753', '821'})",157
"frozenset({'83', '949', '675', '167'})",152
"frozenset({'743', '745', '782', '480'})",171
"frozenset({'160', '887', '653', '14'})",162
"frozenset({'471', '305', '275', '368'})",172
"frozenset({'995', '110', '983', '734'})",151
"frozenset({'110', '734', '983', '795'})",151
"frozenset({'110', '983', '368', '734'})",150
"frozenset({'995', '110', '795', '734'})",155
"frozenset({'995', '110', '368', '734'})",152
"frozenset({'110', '795', '368', '734'})",152
"frozenset({'829', '692', '390', '313'})",151
"frozenset({'130', '125', '698', '839'})",195
"frozenset({'571', '401', '897', '679'})",167
"frozenset({'866', '758', '400', '895'})",247
"frozenset({'572', '264', '766', '55'})",225
"frozenset({'740', '440', '210', '482'})",152
"frozenset({'477', '740', '440', '482'})",155
"frozenset({'740', '440', '151', '482'})",201
"frozenset({'477', '740', '210', '482'})",153
"frozenset({'210', '740', '151', '482'})",155
"frozenset({'477', '740', '151', '482'})",158
"frozenset({'984', '73', '166', '115'})",159
"frozenset({'229', '692', '422', '714'})",248
"frozenset({'956', '937', '882', '259'})",310
"frozenset({'527', '435', '803', '346'})",291
"frozenset({'405', '788', '48', '376'})",151
"frozenset({'694', '405', '788', '376'})",278
"frozenset({'788', '405', '614', '376'})",152
"frozenset({'694', '405', '48', '376'})",154
"frozenset({'694', '405', '614', '376'})",156
"frozenset({'694', '788', '48', '376'})",158
"frozenset({'694', '788', '614', '376'})",161
"frozenset({'694', '614', '48', '376'})",152
"frozenset({'857', '937', '964', '954'})",347
"frozenset({'90', '613', '828', '177'})",199
"frozenset({'319', '588', '38', '522'})",257
"frozenset({'234', '419', '904', '797'})",193
"frozenset({'396', '894', '385', '561'})",156
"frozenset({'396', '894', '944', '385'})",157
"frozenset({'883', '396', '894', '385'})",157
"frozenset({'396', '894', '944', '561'})",153
"frozenset({'396', '894', '883', '561'})",153
"frozenset({'396', '894', '944', '883'})",152
"frozenset({'894', '944', '385', '561'})",154
"frozenset({'883', '894', '385', '561'})",159
"frozenset({'883', '894', '944', '385'})",157
"frozenset({'894', '944', '883', '561'})",150
"frozenset({'563', '209', '839', '321'})",153
"frozenset({'922', '524', '573', '364'})",220
"frozenset({'311', '795', '229', '812'})",152
"frozenset({'390', '548', '895', '231'})",152
"frozenset({'396', '944', '385', '561'})",155
"frozenset({'396', '883', '385', '561'})",156
"frozenset({'396', '883', '944', '385'})",155
"frozenset({'396', '944', '883', '561'})",150
"frozenset({'784', '604', '947', '177'})",393
"frozenset({'40', '361', '477', '500'})",268
"frozenset({'550', '632', '15', '795'})",154
"frozenset({'632', '15', '579', '795'})",156
"frozenset({'460', '632', '15', '795'})",153
"frozenset({'318', '132', '849', '298'})",207
"frozenset({'701', '921', '675', '459'})",379
"frozenset({'934', '745', '579', '177'})",152
"frozenset({'973', '580', '871', '147'})",163
"frozenset({'692', '128', '176', '763'})",150
"frozenset({'692', '280', '128', '763'})",150
"frozenset({'674', '405', '438', '953'})",195
"frozenset({'682', '505', '467', '36'})",171
"frozenset({'940', '198', '941', '90'})",211
"frozenset({'204', '703', '895', '334'})",282
"frozenset({'710', '731', '173', '0'})",176
"frozenset({'567', '824', '423', '913'})",209
"frozenset({'294', '108', '156', '55'})",316
"frozenset({'212', '753', '75', '800'})",163
"frozenset({'692', '280', '763', '176'})",151
"frozenset({'886', '788', '660', '373'})",155
"frozenset({'905', '883', '249', '355'})",196
"frozenset({'598', '188', '32', '590'})",265
"frozenset({'188', '706', '804', '716'})",176
"frozenset({'651', '58', '890', '421'})",163
"frozenset({'651', '58', '332', '421'})",160
"frozenset({'651', '890', '332', '421'})",160
"frozenset({'58', '890', '332', '421'})",163
"frozenset({'413', '278', '368', '682'})",222
"frozenset({'387', '574', '709', '362'})",155
"frozenset({'170', '814', '548', '926'})",163
"frozenset({'713', '759', '574', '177'})",223
"frozenset({'995', '516', '653', '220'})",156
"frozenset({'354', '470', '544', '966'})",162
"frozenset({'298', '414', '366', '183'})",180
"frozenset({'829', '789', '210', '406'})",241
"frozenset({'854', '674', '712', '759'})",199
"frozenset({'274', '192', '350', '759'})",196
"frozenset({'85', '54', '762', '859'})",152
"frozenset({'595', '775', '325', '75'})",457
"frozenset({'510', '110', '111', '456'})",151
"frozenset({'354', '111', '110', '456'})",151
"frozenset({'510', '111', '456', '140'})",150
"frozenset({'354', '111', '456', '140'})",150
"frozenset({'354', '510', '111', '456'})",154
"frozenset({'354', '510', '110', '456'})",150
"frozenset({'956', '788', '318', '413'})",281
"frozenset({'242', '18', '336', '234'})",194
"frozenset({'122', '35', '723', '718'})",280
"frozenset({'351', '634', '349', '464'})",412
"frozenset({'428', '585', '94', '509'})",167
"frozenset({'366', '203', '688', '10'})",187
"frozenset({'879', '597', '27', '177'})",219
"frozenset({'290', '496', '626', '145'})",158
"frozenset({'676', '6', '415', '913'})",393
"frozenset({'460', '481', '919', '143'})",427
"frozenset({'43', '620', '51', '705'})",426
"frozenset({'614', '629', '205', '638'})",179
"frozenset({'687', '910', '44', '798'})",241
"frozenset({'617', '798', '966', '624'})",256
"frozenset({'674', '196', '224', '966'})",153
"frozenset({'530', '675', '529', '855'})",223
"frozenset({'75', '438', '684', '355'})",417
"frozenset({'984', '914', '277', '793'})",336
"frozenset({'7', '470', '948', '449'})",263
"frozenset({'523', '266', '944', '766'})",160
"frozenset({'674', '720', '366', '183'})",353
"frozenset({'749', '823', '521', '423'})",351
"frozenset({'112', '563', '362', '69'})",156
"frozenset({'550', '632', '795', '12'})",155
"frozenset({'460', '12', '632', '795'})",151
"frozenset({'126', '361', '878', '48'})",203
"frozenset({'841', '874', '708', '480'})",217
"frozenset({'591', '5', '529', '104'})",167
"frozenset({'523', '998', '516', '733'})",407
"frozenset({'217', '487', '510', '394'})",423
"frozenset({'914', '513', '795', '414'})",309
"frozenset({'829', '935', '414', '140'})",171
"frozenset({'510', '110', '111', '140'})",151
"frozenset({'354', '111', '110', '140'})",151
"frozenset({'354', '510', '110', '111'})",152
"frozenset({'354', '510', '111', '140'})",152
"frozenset({'170', '401', '162', '460'})",151
"frozenset({'90', '675', '886', '170'})",320
"frozenset({'550', '795', '579', '12'})",152
"frozenset({'460', '550', '795', '12'})",154
"frozenset({'207', '110', '798', '826'})",269
"frozenset({'758', '54', '37', '68'})",164
"frozenset({'765', '70', '819', '684'})",630
"frozenset({'530', '387', '73', '368'})",153
"frozenset({'749', '893', '692', '991'})",332
"frozenset({'651', '58', '332', '890'})",161
"frozenset({'354', '956', '504', '214'})",391
"frozenset({'984', '793', '665', '419'})",221
"frozenset({'746', '69', '963', '8'})",258
"frozenset({'541', '494', '963', '631'})",513
"frozenset({'471', '185', '960', '678'})",648
"frozenset({'678', '975', '494', '606'})",232
"frozenset({'78', '427', '576', '461'})",292
"frozenset({'932', '280', '618', '597'})",308
"frozenset({'937', '884', '509', '335'})",413
"frozenset({'687', '617', '440', '335'})",200
"frozenset({'834', '630', '6', '175'})",183
"frozenset({'832', '975', '834', '175'})",266
"frozenset({'236', '516', '744', '423'})",256
"frozenset({'720', '949', '893', '623'})",152
"frozenset({'494', '949', '623', '720'})",153
"frozenset({'494', '32', '949', '623'})",154
"frozenset({'949', '720', '593', '893'})",152
"frozenset({'720', '949', '893', '32'})",151
"frozenset({'494', '949', '893', '720'})",150
"frozenset({'494', '949', '893', '32'})",152
"frozenset({'494', '593', '949', '720'})",152
"frozenset({'494', '593', '949', '32'})",153
"frozenset({'494', '32', '949', '720'})",152
"frozenset({'494', '234', '368', '682'})",170
"frozenset({'500', '874', '871', '888'})",209
"frozenset({'154', '381', '844', '812'})",250
"frozenset({'351', '477', '766', '820'})",281
"frozenset({'130', '676', '326', '634'})",179
"frozenset({'832', '593', '579', '812'})",178
"frozenset({'995', '470', '534', '795'})",246
"frozenset({'630', '606', '883', '774'})",231
"frozenset({'694', '405', '788', '48'})",156
"frozenset({'694', '788', '405', '614'})",157
"frozenset({'874', '885', '168', '766'})",156
"frozenset({'952', '569', '35', '526'})",298
"frozenset({'857', '793', '413', '21'})",664
"frozenset({'572', '145', '175', '177'})",226
"frozenset({'829', '204', '51', '634'})",160
"frozenset({'769', '39', '419', '145'})",316
"frozenset({'477', '740', '440', '210'})",153
"frozenset({'151', '740', '440', '210'})",157
"frozenset({'477', '740', '440', '151'})",158
"frozenset({'477', '740', '151', '210'})",157
"frozenset({'460', '684', '385', '923'})",391
"frozenset({'883', '944', '385', '561'})",154
"frozenset({'217', '577', '805', '522'})",296
"frozenset({'571', '853', '795', '623'})",655
"frozenset({'12', '390', '722', '227'})",578
"frozenset({'90', '70', '239', '8'})",175
"frozenset({'460', '392', '658', '362'})",219
"frozenset({'829', '411', '800', '561'})",164
"frozenset({'12', '841', '782', '350'})",203
"frozenset({'854', '54', '966', '210'})",245
"frozenset({'460', '12', '795', '579'})",151
"frozenset({'694', '614', '788', '48'})",153
"frozenset({'12', '381', '48', '597'})",168
"frozenset({'634', '548', '489', '279'})",155
"frozenset({'895', '593', '120', '862'})",562
"frozenset({'914', '919', '758', '561'})",224
"frozenset({'217', '346', '888', '561'})",405
"frozenset({'460', '205', '368', '538'})",198
"frozenset({'775', '27', '322', '47', '156'})",150
"frozenset({'452', '708', '5', '357', '403'})",155
"frozenset({'452', '5', '357', '653', '708'})",153
"frozenset({'886', '452', '5', '357', '708'})",152
"frozenset({'452', '708', '5', '653', '403'})",151
"frozenset({'886', '452', '708', '5', '403'})",151
"frozenset({'452', '708', '357', '653', '403'})",155
"frozenset({'886', '452', '708', '357', '403'})",155
"frozenset({'886', '452', '357', '653', '708'})",152
"frozenset({'886', '452', '708', '653', '403'})",150
"frozenset({'795', '368', '734', '995', '983'})",158
"frozenset({'815', '196', '556', '43', '350'})",166
"frozenset({'598', '568', '57', '444', '694'})",159
"frozenset({'554', '718', '797', '81', '659'})",239
"frozenset({'28', '705', '521', '239', '627'})",254
"frozenset({'205', '581', '834', '120', '124'})",221
"frozenset({'477', '440', '151', '210', '482'})",152
"frozenset({'347', '722', '804', '577', '402'})",233
"frozenset({'67', '746', '966', '692', '797'})",278
"frozenset({'681', '616', '100', '838', '362'})",195
"frozenset({'809', '573', '548', '829', '811'})",211
"frozenset({'177', '894', '653', '560', '911'})",162
"frozenset({'941', '612', '538', '510', '52'})",172
"frozenset({'78', '751', '205', '21', '163'})",288
"frozenset({'78', '775', '259', '177', '781'})",344
"frozenset({'691', '196', '321', '387', '114'})",166
"frozenset({'242', '392', '279', '764', '489'})",290
"frozenset({'494', '125', '690', '281', '70'})",198
"frozenset({'396', '988', '548', '438', '470'})",170
"frozenset({'795', '368', '995', '110', '983'})",151
"frozenset({'550', '12', '15', '579', '632'})",150
"frozenset({'550', '15', '579', '460', '632'})",155
"frozenset({'12', '15', '579', '460', '632'})",150
"frozenset({'550', '15', '795', '579', '460'})",150
"frozenset({'550', '12', '15', '579', '460'})",153
"frozenset({'487', '15', '335', '494', '883'})",157
"frozenset({'844', '205', '21', '374', '766'})",183
"frozenset({'661', '33', '57', '127', '846'})",192
"frozenset({'412', '256', '740', '829', '120'})",269
"frozenset({'478', '71', '853', '766', '279'})",278
"frozenset({'11', '995', '470', '534', '793'})",335
"frozenset({'78', '676', '909', '183', '980'})",284
"frozenset({'432', '967', '130', '528', '274'})",226
"frozenset({'919', '316', '357', '580', '345'})",183
"frozenset({'241', '950', '174', '766', '692'})",313
"frozenset({'272', '168', '628', '436', '154'})",406
"frozenset({'565', '617', '522', '43', '859'})",185
"frozenset({'565', '740', '45', '419', '665'})",235
"frozenset({'732', '798', '648', '571', '405'})",195
"frozenset({'263', '550', '886', '456', '769'})",346
"frozenset({'481', '722', '809', '280', '226'})",165
"frozenset({'262', '597', '470', '75', '240'})",279
"frozenset({'722', '795', '469', '327', '810'})",251
"frozenset({'177', '600', '310', '970', '709'})",291
"frozenset({'835', '548', '151', '332', '738'})",167
"frozenset({'765', '499', '319', '126', '639'})",188
"frozenset({'629', '841', '187', '71', '326'})",219
"frozenset({'242', '775', '361', '212', '558'})",158
"frozenset({'487', '215', '688', '522', '838'})",163
"frozenset({'283', '526', '38', '252', '71'})",367
"frozenset({'762', '631', '838', '752', '362'})",193
"frozenset({'579', '792', '304', '511', '608'})",153
"frozenset({'175', '792', '304', '511', '608'})",151
"frozenset({'175', '579', '304', '511', '608'})",154
"frozenset({'579', '792', '304', '175', '608'})",150
"frozenset({'175', '579', '792', '304', '511'})",150
"frozenset({'769', '590', '157', '500', '738'})",153
"frozenset({'769', '276', '590', '157', '500'})",152
"frozenset({'276', '590', '157', '500', '738'})",158
"frozenset({'769', '276', '590', '157', '738'})",155
"frozenset({'276', '590', '769', '500', '738'})",151
"frozenset({'686', '343', '326', '943', '766'})",226
"frozenset({'325', '368', '692', '736', '622'})",289
"frozenset({'80', '577', '860', '649', '716'})",209
"frozenset({'723', '641', '494', '614', '175'})",208
"frozenset({'801', '569', '392', '461', '862'})",417
"frozenset({'432', '151', '504', '830', '890'})",211
"frozenset({'888', '290', '208', '969', '458'})",693
"frozenset({'449', '68', '692', '378', '839'})",209
"frozenset({'192', '447', '998', '944', '54'})",177
"frozenset({'354', '158', '885', '583', '617'})",200
"frozenset({'886', '967', '66', '85', '675'})",362
"frozenset({'171', '707', '419', '48', '745'})",179
"frozenset({'118', '73', '310', '274', '449'})",173
"frozenset({'568', '798', '112', '805', '162'})",161
"frozenset({'368', '329', '417', '692', '860'})",223
"frozenset({'765', '952', '419', '329', '403'})",236
"frozenset({'722', '918', '154', '39', '484'})",168
"frozenset({'7', '854', '419', '975', '606'})",358
"frozenset({'175', '579', '792', '511', '608'})",150
"frozenset({'784', '428', '94', '401', '684'})",299
"frozenset({'661', '546', '217', '947', '923'})",559
"frozenset({'538', '490', '814', '788', '684'})",152
"frozenset({'550', '795', '579', '460', '632'})",150
"frozenset({'550', '12', '579', '460', '632'})",151
"frozenset({'403', '5', '357', '653', '708'})",154
"frozenset({'886', '403', '5', '357', '708'})",150
"frozenset({'886', '403', '5', '653', '708'})",150
"frozenset({'886', '403', '357', '653', '708'})",150
"frozenset({'362', '469', '332', '105', '991'})",185
"frozenset({'494', '815', '862', '944', '105'})",467
"frozenset({'769', '276', '157', '500', '738'})",152
"frozenset({'598', '104', '332', '381', '614'})",150
"frozenset({'988', '871', '832', '39', '580'})",307
"frozenset({'236', '617', '829', '900', '814'})",321
"frozenset({'283', '33', '217', '515', '346'})",732
"frozenset({'707', '867', '573', '110', '494'})",154
"frozenset({'707', '937', '526', '538', '639'})",218
"frozenset({'780', '538', '448', '887', '878'})",377
"frozenset({'78', '147', '538', '634', '738'})",206
"frozenset({'956', '236', '17', '541', '240'})",382
"frozenset({'593', '949', '623', '32', '893'})",151
"frozenset({'593', '949', '623', '494', '893'})",150
"frozenset({'593', '949', '623', '720', '32'})",150
"frozenset({'419', '797', '956', '641', '450'})",150
"frozenset({'477', '888', '561', '605', '346'})",169
"frozenset({'910', '960', '597', '766', '175'})",400
"frozenset({'914', '279', '130', '69', '362'})",201
"frozenset({'935', '487', '192', '888', '638'})",495
"frozenset({'921', '93', '932', '538', '874'})",269
"frozenset({'960', '471', '110', '829', '449'})",226
"frozenset({'593', '623', '720', '32', '893'})",152
"frozenset({'593', '623', '494', '893', '720'})",150
"frozenset({'593', '623', '494', '32', '893'})",152
"frozenset({'623', '494', '32', '893', '720'})",151
"frozenset({'593', '623', '494', '32', '720'})",150
"frozenset({'593', '494', '32', '893', '720'})",150
"frozenset({'12', '885', '638', '120', '132'})",378
"frozenset({'12', '205', '489', '401', '883'})",174
"frozenset({'844', '922', '372', '510', '802', '682'})",153
"frozenset({'886', '452', '5', '357', '653', '403'})",151
"frozenset({'370', '932', '977', '797', '947', '923'})",193
"frozenset({'182', '276', '417', '229', '529', '650'})",206
"frozenset({'122', '535', '390', '343', '675', '161'})",237
"frozenset({'966', '818', '31', '472', '32', '6'})",226
"frozenset({'498', '913', '252', '196', '529', '198'})",210
"frozenset({'101', '147', '229', '903', '778', '657'})",238
"frozenset({'961', '936', '73', '603', '510', '684'})",266
"frozenset({'583', '155', '385', '693', '108', '378'})",154
"frozenset({'583', '45', '155', '693', '108', '378'})",152
"frozenset({'45', '155', '385', '693', '108', '378'})",152
"frozenset({'583', '45', '155', '385', '693', '108'})",151
"frozenset({'583', '45', '155', '385', '693', '378'})",152
"frozenset({'583', '45', '385', '693', '108', '378'})",151
"frozenset({'22', '706', '616', '319', '540', '505'})",169
"frozenset({'886', '18', '371', '918', '554', '401'})",304
"frozenset({'236', '150', '826', '852', '906', '204'})",319
"frozenset({'598', '171', '671', '982', '240', '991'})",177
"frozenset({'1', '800', '514', '112', '529', '304'})",206
"frozenset({'563', '687', '332', '48', '504', '531'})",182
"frozenset({'201', '846', '333', '720', '653', '116'})",151
"frozenset({'981', '36', '925', '424', '274', '8'})",236
"frozenset({'611', '835', '651', '53', '373', '829'})",225
"frozenset({'941', '763', '334', '694', '538', '645'})",207
"frozenset({'938', '27', '921', '900', '845', '733'})",178
"frozenset({'598', '578', '905', '167', '280', '774'})",192
"frozenset({'527', '407', '392', '778', '906', '684'})",150
"frozenset({'527', '407', '392', '862', '906', '684'})",151
"frozenset({'527', '407', '392', '778', '862', '684'})",151
"frozenset({'407', '392', '862', '906', '684', '846'})",150
"frozenset({'283', '407', '778', '906', '684', '846'})",152
"frozenset({'283', '407', '392', '862', '906', '684'})",152
"frozenset({'283', '407', '392', '778', '862', '684'})",152
"frozenset({'136', '585', '843', '925', '193', '948'})",179
"frozenset({'328', '538', '834', '448', '274', '240'})",209
"frozenset({'960', '470', '157', '719', '659', '810'})",406
"frozenset({'706', '523', '381', '492', '893', '116'})",170
"frozenset({'583', '45', '155', '385', '108', '378'})",150
"frozenset({'713', '722', '68', '334', '217', '343'})",264
"frozenset({'981', '967', '712', '368', '220', '947'})",160
"frozenset({'579', '411', '842', '572', '350', '803'})",481
"frozenset({'354', '214', '548', '624', '423', '187'})",242
"frozenset({'354', '567', '350', '241', '893', '120'})",169
"frozenset({'590', '541', '208', '606', '41', '116'})",291
"frozenset({'707', '722', '867', '943', '684', '362'})",204
"frozenset({'354', '517', '722', '154', '95', '116'})",177
"frozenset({'910', '45', '239', '71', '224', '175'})",206
"frozenset({'197', '989', '577', '401', '193', '32'})",153
"frozenset({'17', '161', '388', '774', '558', '346'})",202
"frozenset({'283', '28', '832', '5', '143', '511'})",169
"frozenset({'354', '27', '58', '357', '752', '480'})",380
"frozenset({'989', '45', '116', '534', '673', '378'})",206
"frozenset({'275', '151', '322', '620', '343', '803'})",209
"frozenset({'527', '392', '778', '906', '684', '846'})",150
"frozenset({'527', '392', '778', '862', '906', '684'})",151
"frozenset({'283', '527', '392', '778', '906', '684'})",153
"frozenset({'45', '55', '177', '692', '614', '309'})",182
"frozenset({'90', '510', '793', '620', '120', '309'})",397
"frozenset({'611', '57', '21', '38', '918', '362'})",398
"frozenset({'283', '392', '778', '906', '684', '846'})",152
"frozenset({'283', '392', '778', '862', '906', '684'})",151
"frozenset({'722', '526', '950', '326', '403', '774'})",234
"frozenset({'283', '183', '1', '998', '944', '54'})",290
"frozenset({'351', '935', '780', '151', '605', '110'})",216
"frozenset({'966', '438', '368', '100', '746', '735'})",217
"frozenset({'910', '617', '100', '69', '54', '362'})",286
"frozenset({'885', '617', '937', '210', '522', '71'})",329
"frozenset({'509', '229', '631', '581', '401', '758'})",337
"frozenset({'606', '72', '937', '93', '32', '350'})",228
"frozenset({'78', '644', '94', '922', '198', '129', '926'})",158
"frozenset({'630', '919', '809', '649', '596', '173', '789'})",159
"frozenset({'886', '722', '259', '38', '640', '806', '890'})",179
"frozenset({'362', '301', '522', '930', '118', '489', '622'})",268
"frozenset({'190', '782', '25', '581', '163', '898', '890'})",295
"frozenset({'283', '721', '885', '385', '790', '375', '731'})",277
"frozenset({'299', '276', '783', '942', '413', '837', '634'})",272
"frozenset({'509', '513', '840', '438', '97', '483', '120'})",291
"frozenset({'12', '39', '562', '906', '633', '181', '132'})",244
"frozenset({'569', '427', '151', '334', '470', '127', '161'})",156
"frozenset({'569', '427', '151', '334', '494', '127', '161'})",150
"frozenset({'427', '151', '334', '470', '494', '127', '161'})",155
"frozenset({'569', '427', '334', '470', '494', '127', '161'})",157
"frozenset({'569', '427', '151', '334', '470', '494', '127'})",155
"frozenset({'569', '427', '151', '470', '494', '127', '161'})",150
"frozenset({'569', '151', '334', '470', '494', '127', '161'})",157
"frozenset({'527', '407', '392', '778', '862', '906', '846'})",150
"frozenset({'527', '283', '407', '392', '778', '906', '846'})",153
"frozenset({'527', '283', '407', '392', '862', '906', '846'})",154
"frozenset({'527', '283', '407', '392', '906', '684', '846'})",151
"frozenset({'527', '283', '407', '778', '862', '906', '846'})",154
"frozenset({'527', '283', '407', '862', '906', '684', '846'})",151
"frozenset({'527', '283', '407', '392', '778', '862', '906'})",152
"frozenset({'527', '283', '407', '778', '862', '906', '684'})",150
"frozenset({'527', '283', '407', '392', '778', '862', '846'})",157
"frozenset({'527', '283', '407', '392', '778', '684', '846'})",151
"frozenset({'527', '283', '407', '392', '862', '684', '846'})",153
"frozenset({'527', '283', '407', '778', '862', '684', '846'})",152
"frozenset({'283', '407', '392', '778', '862', '906', '846'})",150
"frozenset({'978', '262', '294', '708', '853', '352', '883'})",314
"frozenset({'283', '674', '475', '145', '489', '39', '649'})",241
"frozenset({'526', '966', '438', '790', '139', '540', '608'})",253
"frozenset({'96', '642', '594', '72', '183', '541', '533'})",387
"frozenset({'527', '676', '368', '595', '720', '352', '529'})",150
"frozenset({'527', '676', '368', '595', '529', '319', '720'})",150
"frozenset({'527', '676', '48', '368', '595', '529', '720'})",150
"frozenset({'4', '242', '801', '35', '392', '862', '468'})",161
"frozenset({'775', '487', '548', '308', '718', '314', '75'})",205
"frozenset({'447', '78', '460', '85', '529', '797', '859'})",216
"frozenset({'527', '676', '368', '319', '529', '352', '720'})",150
"frozenset({'527', '676', '48', '368', '529', '720', '352'})",151
"frozenset({'487', '706', '746', '572', '745', '692', '161'})",172
"frozenset({'354', '509', '593', '989', '921', '336', '71'})",324
"frozenset({'354', '72', '778', '888', '210', '111', '349'})",175
"frozenset({'527', '676', '48', '368', '319', '720', '529'})",150
"frozenset({'283', '527', '392', '778', '862', '906', '846'})",154
"frozenset({'283', '527', '392', '862', '906', '684', '846'})",152
"frozenset({'283', '527', '778', '862', '906', '684', '846'})",151
"frozenset({'283', '527', '392', '778', '862', '684', '846'})",152
"frozenset({'661', '593', '469', '918', '52', '653', '774'})",180
"frozenset({'569', '427', '151', '334', '470', '494', '161'})",159
"frozenset({'937', '57', '145', '368', '494', '658', '682'})",179
"frozenset({'296', '209', '267', '722', '440', '329', '411', '803'})",163
"frozenset({'265', '113', '179', '37', '68', '411', '415', '377'})",178
"frozenset({'775', '970', '832', '278', '72', '822', '239', '520'})",218
"frozenset({'585', '270', '541', '72', '937', '295', '529', '947'})",222
"frozenset({'798', '485', '998', '387', '789', '409', '692', '216'})",204
"frozenset({'27', '647', '893', '883', '517', '982', '440', '494'})",288
"frozenset({'136', '568', '981', '546', '538', '120', '665', '878'})",225
"frozenset({'387', '112', '285', '511', '499', '594', '720', '614'})",239
"frozenset({'676', '48', '368', '595', '527', '319', '720', '352'})",151
"frozenset({'676', '48', '368', '595', '527', '319', '529', '352'})",150
"frozenset({'676', '48', '368', '595', '720', '319', '529', '352'})",150
"frozenset({'368', '114', '309', '661', '308', '658', '665', '682'})",176
"frozenset({'809', '145', '157', '274', '28', '742', '735', '346'})",272
"frozenset({'66', '523', '470', '314', '823', '884', '1', '980', '874'})",247
"frozenset({'242', '486', '438', '8', '71', '766', '108', '958', '684', '75'})",187
"frozenset({'205', '896', '461', '829', '285', '207', '403', '950', '529', '75'})",190
